timestamp,building_id,meter_type,meter_reading,air_temperature,dew_temperature,sea_level_pressure,wind_speed
2026-01-01 00:00:00,Building_42_Education,Electricity,125.4,14.2,10.1,1014.2,3.1
2026-01-01 01:00:00,Building_42_Education,Electricity,118.2,13.8,9.8,1014.5,2.8
2026-01-01 02:00:00,Building_42_Education,Electricity,112.5,13.1,9.2,1015.0,2.5
2026-01-01 03:00:00,Building_42_Education,Electricity,109.8,12.5,8.7,1015.3,2.2
2026-01-01 04:00:00,Building_42_Education,Electricity,110.4,12.0,8.2,1015.8,2.0
2026-01-01 05:00:00,Building_42_Education,Electricity,115.6,11.8,8.0,1016.1,2.1
2026-01-01 06:00:00,Building_42_Education,Electricity,132.8,12.5,8.4,1016.5,2.6
2026-01-01 07:00:00,Building_42_Education,Electricity,158.4,14.0,9.5,1016.8,3.2
2026-01-01 08:00:00,Building_42_Education,Electricity,185.2,16.2,10.8,1017.0,3.8
2026-01-01 09:00:00,Building_42_Education,Electricity,198.5,18.5,12.0,1016.8,4.2
2026-01-01 10:00:00,Building_42_Education,Electricity,205.1,20.8,13.2,1016.2,4.5
2026-01-01 11:00:00,Building_42_Education,Electricity,210.8,22.5,14.0,1015.8,4.8
2026-01-01 12:00:00,Building_42_Education,Electricity,215.3,24.1,14.8,1015.2,5.0
2026-01-01 13:00:00,Building_42_Education,Electricity,212.0,24.8,15.2,1014.8,5.2
2026-01-01 14:00:00,Building_42_Education,Electricity,208.5,25.2,15.5,1014.5,5.1
2026-01-01 15:00:00,Building_42_Education,Electricity,201.2,24.5,15.0,1014.3,4.9
2026-01-01 16:00:00,Building_42_Education,Electricity,192.4,23.2,14.2,1014.5,4.3
2026-01-01 17:00:00,Building_42_Education,Electricity,178.6,21.5,13.1,1014.8,3.8
2026-01-01 18:00:00,Building_42_Education,Electricity,162.3,19.8,12.0,1015.2,3.4
2026-01-01 19:00:00,Building_42_Education,Electricity,148.5,18.2,11.2,1015.6,3.1
2026-01-01 20:00:00,Building_42_Education,Electricity,138.2,17.0,10.5,1016.0,2.9
2026-01-01 21:00:00,Building_42_Education,Electricity,131.0,16.1,10.0,1016.2,2.8
2026-01-01 22:00:00,Building_42_Education,Electricity,127.5,15.4,9.6,1016.5,2.7
2026-01-01 23:00:00,Building_42_Education,Electricity,124.0,14.8,9.2,1016.8,2.6
