timestamp,equipment_id,equipment_type,energy_kwh,operating_state,production_output,solar_generation_kwh,battery_soc,grid_consumption_kwh,temperature,maintenance_days,maintenance_status,is_anomaly,fault_label
2026-06-01 00:00:00,HVAC-01,HVAC,5.038,IDLE,0.0,0.0,51.9,7.56,20.6,11,OK,0,NORMAL
2026-06-01 01:00:00,HVAC-01,HVAC,4.661,IDLE,0.0,0.0,42.2,6.99,18.8,11,OK,0,NORMAL
2026-06-01 02:00:00,HVAC-01,HVAC,5.488,IDLE,0.0,0.0,31.9,8.23,19.0,11,OK,0,NORMAL
2026-06-01 03:00:00,HVAC-01,HVAC,4.926,IDLE,0.0,0.0,26.8,7.39,19.8,11,OK,0,NORMAL
2026-06-01 04:00:00,HVAC-01,HVAC,4.587,IDLE,0.0,0.0,20.0,6.88,18.0,11,OK,0,NORMAL
2026-06-01 05:00:00,HVAC-01,HVAC,4.839,IDLE,0.0,0.0,20.0,7.26,18.7,11,OK,0,NORMAL
2026-06-01 06:00:00,HVAC-01,HVAC,5.206,IDLE,0.0,0.0,20.0,7.81,21.9,11,OK,0,NORMAL
2026-06-01 07:00:00,HVAC-01,HVAC,19.515,ON,71.54,35.22,20.0,18.7,22.4,11,OK,0,NORMAL
2026-06-01 08:00:00,HVAC-01,HVAC,20.745,ON,83.66,55.7,24.3,14.41,22.6,11,OK,0,NORMAL
2026-06-01 09:00:00,HVAC-01,HVAC,22.45,ON,72.4,74.21,21.5,11.41,25.7,11,OK,0,NORMAL
2026-06-01 10:00:00,HVAC-01,HVAC,21.956,ON,83.48,84.83,33.9,7.48,26.3,11,OK,0,NORMAL
2026-06-01 11:00:00,HVAC-01,HVAC,24.034,ON,58.89,120.13,37.7,0.01,27.9,11,OK,0,NORMAL
2026-06-01 12:00:00,HVAC-01,HVAC,26.903,ON,76.8,128.52,49.1,1.8,30.2,11,OK,0,NORMAL
2026-06-01 13:00:00,HVAC-01,HVAC,26.271,ON,100.0,93.5,61.2,11.36,28.8,11,OK,0,NORMAL
2026-06-01 14:00:00,HVAC-01,HVAC,26.134,ON,77.6,104.43,67.6,7.87,29.7,11,OK,0,NORMAL
2026-06-01 15:00:00,HVAC-01,HVAC,27.442,ON,64.96,75.57,72.6,18.49,31.3,11,OK,0,NORMAL
2026-06-01 16:00:00,HVAC-01,HVAC,27.16,ON,75.67,63.48,78.9,21.69,30.5,11,OK,0,NORMAL
2026-06-01 17:00:00,HVAC-01,HVAC,28.071,ON,67.59,27.01,85.2,34.0,31.4,11,OK,0,NORMAL
2026-06-01 18:00:00,HVAC-01,HVAC,25.379,ON,100.0,0.0,83.5,38.07,28.9,11,OK,0,NORMAL
2026-06-01 19:00:00,HVAC-01,HVAC,24.534,ON,86.03,0.0,84.2,36.8,26.8,11,OK,0,NORMAL
2026-06-01 20:00:00,HVAC-01,HVAC,4.799,IDLE,0.0,0.0,80.4,7.2,28.6,11,OK,0,NORMAL
2026-06-01 21:00:00,HVAC-01,HVAC,5.112,IDLE,0.0,0.0,73.4,7.67,24.7,11,OK,0,NORMAL
2026-06-01 22:00:00,HVAC-01,HVAC,5.006,IDLE,0.0,0.0,71.8,7.51,23.3,11,OK,0,NORMAL
2026-06-01 23:00:00,HVAC-01,HVAC,5.049,IDLE,0.0,0.0,60.3,7.57,19.8,11,OK,0,NORMAL
2026-06-02 00:00:00,HVAC-01,HVAC,4.613,IDLE,0.0,0.0,45.9,6.92,19.4,12,OK,0,NORMAL
2026-06-02 01:00:00,HVAC-01,HVAC,5.012,IDLE,0.0,0.0,41.3,7.52,19.1,12,OK,0,NORMAL
2026-06-02 02:00:00,HVAC-01,HVAC,5.249,IDLE,0.0,0.0,31.2,7.87,16.9,12,OK,0,NORMAL
2026-06-02 03:00:00,HVAC-01,HVAC,5.726,IDLE,0.0,0.0,27.0,8.59,18.5,12,OK,0,NORMAL
2026-06-02 04:00:00,HVAC-01,HVAC,5.48,IDLE,0.0,0.0,20.0,8.22,17.5,12,OK,0,NORMAL
2026-06-02 05:00:00,HVAC-01,HVAC,6.077,IDLE,0.0,0.0,20.0,9.11,18.6,12,OK,0,NORMAL
2026-06-02 06:00:00,HVAC-01,HVAC,4.616,IDLE,0.0,0.0,20.0,6.92,19.3,12,OK,0,NORMAL
2026-06-02 07:00:00,HVAC-01,HVAC,21.562,ON,93.08,27.85,20.0,23.99,23.7,12,OK,0,NORMAL
2026-06-02 08:00:00,HVAC-01,HVAC,20.129,ON,100.0,50.23,20.0,15.12,23.2,12,OK,0,NORMAL
2026-06-02 09:00:00,HVAC-01,HVAC,20.785,ON,67.4,98.33,24.6,1.68,23.7,12,OK,0,NORMAL
2026-06-02 10:00:00,HVAC-01,HVAC,24.113,ON,48.14,120.57,31.6,0.0,27.8,12,OK,0,NORMAL
2026-06-02 11:00:00,HVAC-01,HVAC,24.178,ON,68.61,122.08,39.6,0.0,27.0,12,OK,0,NORMAL
2026-06-02 12:00:00,HVAC-01,HVAC,28.436,ON,85.13,112.27,53.5,8.97,30.2,12,OK,0,NORMAL
2026-06-02 13:00:00,HVAC-01,HVAC,24.792,ON,94.26,108.92,59.9,4.51,28.7,12,OK,0,NORMAL
2026-06-02 14:00:00,HVAC-01,HVAC,27.026,ON,66.52,113.32,65.0,6.54,30.2,12,OK,0,NORMAL
2026-06-02 15:00:00,HVAC-01,HVAC,30.02,ON,60.2,98.33,76.6,15.53,32.2,12,OK,0,NORMAL
2026-06-02 16:00:00,HVAC-01,HVAC,28.049,ON,97.69,69.29,84.6,21.29,32.6,12,OK,0,NORMAL
2026-06-02 17:00:00,HVAC-01,HVAC,28.768,ON,54.3,34.54,85.9,32.79,31.3,12,OK,0,NORMAL
2026-06-02 18:00:00,HVAC-01,HVAC,27.487,ON,78.28,0.0,82.0,41.23,29.8,12,OK,0,NORMAL
2026-06-02 19:00:00,HVAC-01,HVAC,24.312,ON,56.08,0.0,82.8,36.47,28.1,12,OK,0,NORMAL
2026-06-02 20:00:00,HVAC-01,HVAC,5.003,IDLE,0.0,0.0,82.8,7.5,25.0,12,OK,0,NORMAL
2026-06-02 21:00:00,HVAC-01,HVAC,5.023,IDLE,0.0,0.0,73.3,7.54,24.1,12,OK,0,NORMAL
2026-06-02 22:00:00,HVAC-01,HVAC,4.775,IDLE,0.0,0.0,68.4,7.16,22.6,12,OK,0,NORMAL
2026-06-02 23:00:00,HVAC-01,HVAC,5.311,IDLE,0.0,0.0,60.6,7.97,22.8,12,OK,0,NORMAL
2026-06-03 00:00:00,HVAC-01,HVAC,4.466,IDLE,0.0,0.0,48.1,6.7,20.5,13,OK,0,NORMAL
2026-06-03 01:00:00,HVAC-01,HVAC,4.929,IDLE,0.0,0.0,40.8,7.39,16.8,13,OK,0,NORMAL
2026-06-03 02:00:00,HVAC-01,HVAC,5.06,IDLE,0.0,0.0,26.0,7.59,18.6,13,OK,0,NORMAL
2026-06-03 03:00:00,HVAC-01,HVAC,5.257,IDLE,0.0,0.0,23.2,7.89,17.5,13,OK,0,NORMAL
2026-06-03 04:00:00,HVAC-01,HVAC,5.356,IDLE,0.0,0.0,20.0,8.03,17.4,13,OK,0,NORMAL
2026-06-03 05:00:00,HVAC-01,HVAC,4.438,IDLE,0.0,0.0,20.0,6.66,19.7,13,OK,0,NORMAL
2026-06-03 06:00:00,HVAC-01,HVAC,4.233,IDLE,0.0,0.0,20.0,6.35,21.3,13,OK,0,NORMAL
2026-06-03 07:00:00,HVAC-01,HVAC,20.826,ON,99.17,27.63,20.0,22.95,22.6,13,OK,0,NORMAL
2026-06-03 08:00:00,HVAC-01,HVAC,21.696,ON,68.77,65.09,20.0,13.02,22.2,13,OK,0,NORMAL
2026-06-03 09:00:00,HVAC-01,HVAC,23.282,ON,81.74,75.93,25.5,12.14,24.6,13,OK,0,NORMAL
2026-06-03 10:00:00,HVAC-01,HVAC,26.228,ON,81.01,96.67,35.4,10.34,27.2,13,OK,0,NORMAL
2026-06-03 11:00:00,HVAC-01,HVAC,25.888,ON,100.0,127.34,38.1,0.63,29.7,13,OK,0,NORMAL
2026-06-03 12:00:00,HVAC-01,HVAC,26.545,ON,94.57,127.18,52.3,1.66,29.4,13,OK,0,NORMAL
2026-06-03 13:00:00,HVAC-01,HVAC,26.107,ON,100.0,132.1,59.1,0.0,30.8,13,OK,0,NORMAL
2026-06-03 14:00:00,HVAC-01,HVAC,27.806,ON,90.29,110.47,65.5,8.57,30.4,13,OK,0,NORMAL
2026-06-03 15:00:00,HVAC-01,HVAC,25.668,ON,53.62,87.17,75.7,12.35,30.6,13,OK,0,NORMAL
2026-06-03 16:00:00,HVAC-01,HVAC,28.32,ON,49.41,50.25,80.7,27.41,32.7,13,OK,0,NORMAL
2026-06-03 17:00:00,HVAC-01,HVAC,30.054,ON,90.76,29.41,82.6,36.26,32.7,13,OK,0,NORMAL
2026-06-03 18:00:00,HVAC-01,HVAC,27.919,ON,81.11,0.0,85.1,41.88,29.9,13,OK,0,NORMAL
2026-06-03 19:00:00,HVAC-01,HVAC,24.46,ON,59.3,0.0,83.0,36.69,29.7,13,OK,0,NORMAL
2026-06-03 20:00:00,HVAC-01,HVAC,4.972,IDLE,0.0,0.0,80.5,7.46,27.2,13,OK,0,NORMAL
2026-06-03 21:00:00,HVAC-01,HVAC,5.192,IDLE,0.0,0.0,76.1,7.79,24.2,13,OK,0,NORMAL
2026-06-03 22:00:00,HVAC-01,HVAC,4.984,IDLE,0.0,0.0,70.7,7.48,23.6,13,OK,0,NORMAL
2026-06-03 23:00:00,HVAC-01,HVAC,3.966,IDLE,0.0,0.0,56.6,5.95,23.3,13,OK,0,NORMAL
2026-06-04 00:00:00,HVAC-01,HVAC,4.955,IDLE,0.0,0.0,54.3,7.43,20.0,14,OK,0,NORMAL
2026-06-04 01:00:00,HVAC-01,HVAC,4.348,IDLE,0.0,0.0,37.0,6.52,20.8,14,OK,0,NORMAL
2026-06-04 02:00:00,HVAC-01,HVAC,5.335,IDLE,0.0,0.0,32.2,8.0,15.1,14,OK,0,NORMAL
2026-06-04 03:00:00,HVAC-01,HVAC,5.183,IDLE,0.0,0.0,26.4,7.77,19.0,14,OK,0,NORMAL
2026-06-04 04:00:00,HVAC-01,HVAC,4.53,IDLE,0.0,0.0,20.3,6.8,18.3,14,OK,0,NORMAL
2026-06-04 05:00:00,HVAC-01,HVAC,4.743,IDLE,0.0,0.0,20.0,7.11,18.6,14,OK,0,NORMAL
2026-06-04 06:00:00,HVAC-01,HVAC,4.47,IDLE,0.0,0.0,20.0,6.71,20.2,14,OK,0,NORMAL
2026-06-04 07:00:00,HVAC-01,HVAC,18.647,ON,79.06,25.15,20.0,20.43,19.1,14,OK,0,NORMAL
2026-06-04 08:00:00,HVAC-01,HVAC,21.244,ON,65.21,63.49,20.0,12.82,22.9,14,OK,0,NORMAL
2026-06-04 09:00:00,HVAC-01,HVAC,21.95,ON,72.05,73.89,27.0,10.76,25.4,14,OK,0,NORMAL
2026-06-04 10:00:00,HVAC-01,HVAC,24.233,ON,78.39,122.23,33.2,0.0,28.6,14,OK,0,NORMAL
2026-06-04 11:00:00,HVAC-01,HVAC,23.505,ON,71.7,136.96,39.6,0.0,27.9,14,OK,0,NORMAL
2026-06-04 12:00:00,HVAC-01,HVAC,25.619,ON,100.0,139.91,51.8,0.0,29.0,14,OK,0,NORMAL
2026-06-04 13:00:00,HVAC-01,HVAC,26.982,ON,69.5,109.89,59.7,7.51,30.5,14,OK,0,NORMAL
2026-06-04 14:00:00,HVAC-01,HVAC,28.467,ON,78.32,83.78,69.1,17.57,32.9,14,OK,0,NORMAL
2026-06-04 15:00:00,HVAC-01,HVAC,29.073,ON,89.21,99.39,76.0,13.79,32.4,14,OK,0,NORMAL
2026-06-04 16:00:00,HVAC-01,HVAC,26.725,ON,72.04,58.28,78.7,22.6,31.1,14,OK,0,NORMAL
2026-06-04 17:00:00,HVAC-01,HVAC,25.441,ON,75.87,36.86,82.7,27.1,31.7,14,OK,0,NORMAL
2026-06-04 18:00:00,HVAC-01,HVAC,27.82,ON,57.27,0.0,86.5,41.73,30.1,14,OK,0,NORMAL
2026-06-04 19:00:00,HVAC-01,HVAC,25.881,ON,100.0,0.0,85.0,38.82,29.7,14,OK,0,NORMAL
2026-06-04 20:00:00,HVAC-01,HVAC,5.288,IDLE,0.0,0.0,80.3,7.93,26.0,14,OK,0,NORMAL
2026-06-04 21:00:00,HVAC-01,HVAC,5.156,IDLE,0.0,0.0,75.0,7.73,24.6,14,OK,0,NORMAL
2026-06-04 22:00:00,HVAC-01,HVAC,6.539,IDLE,0.0,0.0,70.1,9.81,22.7,14,OK,0,NORMAL
2026-06-04 23:00:00,HVAC-01,HVAC,5.56,IDLE,0.0,0.0,57.9,8.34,19.7,14,OK,0,NORMAL
2026-06-05 00:00:00,HVAC-01,HVAC,4.936,IDLE,0.0,0.0,51.1,7.4,20.4,15,OK,0,NORMAL
2026-06-05 01:00:00,HVAC-01,HVAC,4.522,IDLE,0.0,0.0,40.5,6.78,19.3,15,OK,0,NORMAL
2026-06-05 02:00:00,HVAC-01,HVAC,4.197,IDLE,0.0,0.0,32.1,6.3,18.2,15,OK,0,NORMAL
2026-06-05 03:00:00,HVAC-01,HVAC,5.102,IDLE,0.0,0.0,27.4,7.65,17.7,15,OK,0,NORMAL
2026-06-05 04:00:00,HVAC-01,HVAC,4.622,IDLE,0.0,0.0,21.3,6.93,16.5,15,OK,0,NORMAL
2026-06-05 05:00:00,HVAC-01,HVAC,4.289,IDLE,0.0,0.0,20.0,6.43,18.4,15,OK,0,NORMAL
2026-06-05 06:00:00,HVAC-01,HVAC,4.677,IDLE,0.0,0.0,20.0,7.02,19.6,15,OK,0,NORMAL
2026-06-05 07:00:00,HVAC-01,HVAC,20.517,ON,63.78,37.15,20.0,19.63,20.5,15,OK,0,NORMAL
2026-06-05 08:00:00,HVAC-01,HVAC,20.788,ON,93.22,51.36,21.1,15.77,23.0,15,OK,0,NORMAL
2026-06-05 09:00:00,HVAC-01,HVAC,22.865,ON,100.0,85.47,24.6,8.66,25.5,15,OK,0,NORMAL
2026-06-05 10:00:00,HVAC-01,HVAC,27.183,ON,67.08,119.61,33.1,4.89,29.1,15,OK,0,NORMAL
2026-06-05 11:00:00,HVAC-01,HVAC,24.33,ON,88.08,127.07,40.7,0.0,28.7,15,OK,0,NORMAL
2026-06-05 12:00:00,HVAC-01,HVAC,25.731,ON,77.14,129.46,50.2,0.0,30.3,15,OK,0,NORMAL
2026-06-05 13:00:00,HVAC-01,HVAC,28.104,ON,59.26,125.3,60.2,4.57,31.0,15,OK,0,NORMAL
2026-06-05 14:00:00,HVAC-01,HVAC,24.569,ON,100.0,98.08,65.9,7.43,29.5,15,OK,0,NORMAL
2026-06-05 15:00:00,HVAC-01,HVAC,27.324,ON,88.44,77.85,78.9,17.63,32.0,15,OK,0,NORMAL
2026-06-05 16:00:00,HVAC-01,HVAC,27.275,ON,72.69,67.42,78.3,20.68,31.8,15,OK,0,NORMAL
2026-06-05 17:00:00,HVAC-01,HVAC,29.663,ON,67.04,34.91,81.4,34.02,34.0,15,OK,0,NORMAL
2026-06-05 18:00:00,HVAC-01,HVAC,26.446,ON,67.54,0.0,87.3,39.67,29.7,15,OK,0,NORMAL
2026-06-05 19:00:00,HVAC-01,HVAC,25.251,ON,79.25,0.0,85.4,37.88,28.9,15,OK,0,NORMAL
2026-06-05 20:00:00,HVAC-01,HVAC,4.546,IDLE,0.0,0.0,81.6,6.82,26.8,15,OK,0,NORMAL
2026-06-05 21:00:00,HVAC-01,HVAC,4.712,IDLE,0.0,0.0,76.0,7.07,23.6,15,OK,0,NORMAL
2026-06-05 22:00:00,HVAC-01,HVAC,5.378,IDLE,0.0,0.0,67.5,8.07,24.6,15,OK,0,NORMAL
2026-06-05 23:00:00,HVAC-01,HVAC,5.25,IDLE,0.0,0.0,57.3,7.88,22.4,15,OK,0,NORMAL
2026-06-01 00:00:00,HVAC-02,HVAC,4.011,IDLE,0.0,0.0,51.9,6.02,20.6,11,OK,0,NORMAL
2026-06-01 01:00:00,HVAC-02,HVAC,4.55,IDLE,0.0,0.0,42.2,6.82,18.8,11,OK,0,NORMAL
2026-06-01 02:00:00,HVAC-02,HVAC,4.876,IDLE,0.0,0.0,31.9,7.31,19.0,11,OK,0,NORMAL
2026-06-01 03:00:00,HVAC-02,HVAC,3.665,IDLE,0.0,0.0,26.8,5.5,19.8,11,OK,0,NORMAL
2026-06-01 04:00:00,HVAC-02,HVAC,4.772,IDLE,0.0,0.0,20.0,7.16,18.0,11,OK,0,NORMAL
2026-06-01 05:00:00,HVAC-02,HVAC,4.169,IDLE,0.0,0.0,20.0,6.25,18.7,11,OK,0,NORMAL
2026-06-01 06:00:00,HVAC-02,HVAC,4.785,IDLE,0.0,0.0,20.0,7.18,21.9,11,OK,0,NORMAL
2026-06-01 07:00:00,HVAC-02,HVAC,16.49,ON,68.55,35.22,20.0,14.17,22.4,11,OK,0,NORMAL
2026-06-01 08:00:00,HVAC-02,HVAC,18.486,ON,55.59,55.7,24.3,11.02,22.6,11,OK,0,NORMAL
2026-06-01 09:00:00,HVAC-02,HVAC,19.651,ON,83.9,74.21,21.5,7.21,25.7,11,OK,0,NORMAL
2026-06-01 10:00:00,HVAC-02,HVAC,19.317,ON,89.58,84.83,33.9,3.53,26.3,11,OK,0,NORMAL
2026-06-01 11:00:00,HVAC-02,HVAC,20.948,ON,79.01,120.13,37.7,0.0,27.9,11,OK,0,NORMAL
2026-06-01 12:00:00,HVAC-02,HVAC,23.815,ON,70.22,128.52,49.1,0.0,30.2,11,OK,0,NORMAL
2026-06-01 13:00:00,HVAC-02,HVAC,22.352,ON,67.09,93.5,61.2,5.48,28.8,11,OK,0,NORMAL
2026-06-01 14:00:00,HVAC-02,HVAC,22.807,ON,95.09,104.43,67.6,2.88,29.7,11,OK,0,NORMAL
2026-06-01 15:00:00,HVAC-02,HVAC,23.398,ON,92.54,75.57,72.6,12.43,31.3,11,OK,0,NORMAL
2026-06-01 16:00:00,HVAC-02,HVAC,25.424,ON,87.95,63.48,78.9,19.09,30.5,11,OK,0,NORMAL
2026-06-01 17:00:00,HVAC-02,HVAC,23.811,ON,42.93,27.01,85.2,27.61,31.4,11,OK,0,NORMAL
2026-06-01 18:00:00,HVAC-02,HVAC,22.599,ON,88.66,0.0,83.5,33.9,28.9,11,OK,0,NORMAL
2026-06-01 19:00:00,HVAC-02,HVAC,20.76,ON,85.57,0.0,84.2,31.14,26.8,11,OK,0,NORMAL
2026-06-01 20:00:00,HVAC-02,HVAC,4.543,IDLE,0.0,0.0,80.4,6.81,28.6,11,OK,0,NORMAL
2026-06-01 21:00:00,HVAC-02,HVAC,4.422,IDLE,0.0,0.0,73.4,6.63,24.7,11,OK,0,NORMAL
2026-06-01 22:00:00,HVAC-02,HVAC,5.084,IDLE,0.0,0.0,71.8,7.63,23.3,11,OK,0,NORMAL
2026-06-01 23:00:00,HVAC-02,HVAC,4.627,IDLE,0.0,0.0,60.3,6.94,19.8,11,OK,0,NORMAL
2026-06-02 00:00:00,HVAC-02,HVAC,4.669,IDLE,0.0,0.0,45.9,7.0,19.4,12,OK,0,NORMAL
2026-06-02 01:00:00,HVAC-02,HVAC,4.294,IDLE,0.0,0.0,41.3,6.44,19.1,12,OK,0,NORMAL
2026-06-02 02:00:00,HVAC-02,HVAC,4.256,IDLE,0.0,0.0,31.2,6.38,16.9,12,OK,0,NORMAL
2026-06-02 03:00:00,HVAC-02,HVAC,4.284,IDLE,0.0,0.0,27.0,6.43,18.5,12,OK,0,NORMAL
2026-06-02 04:00:00,HVAC-02,HVAC,4.697,IDLE,0.0,0.0,20.0,7.05,17.5,12,OK,0,NORMAL
2026-06-02 05:00:00,HVAC-02,HVAC,4.29,IDLE,0.0,0.0,20.0,6.43,18.6,12,OK,0,NORMAL
2026-06-02 06:00:00,HVAC-02,HVAC,4.645,IDLE,0.0,0.0,20.0,6.97,19.3,12,OK,0,NORMAL
2026-06-02 07:00:00,HVAC-02,HVAC,20.077,ON,100.0,27.85,20.0,21.76,23.7,12,OK,0,NORMAL
2026-06-02 08:00:00,HVAC-02,HVAC,20.022,ON,75.11,50.23,20.0,14.96,23.2,12,OK,0,NORMAL
2026-06-02 09:00:00,HVAC-02,HVAC,17.173,ON,73.88,98.33,24.6,0.0,23.7,12,OK,0,NORMAL
2026-06-02 10:00:00,HVAC-02,HVAC,20.188,ON,64.88,120.57,31.6,0.0,27.8,12,OK,0,NORMAL
2026-06-02 11:00:00,HVAC-02,HVAC,21.543,ON,74.73,122.08,39.6,0.0,27.0,12,OK,0,NORMAL
2026-06-02 12:00:00,HVAC-02,HVAC,24.067,ON,100.0,112.27,53.5,2.42,30.2,12,OK,0,NORMAL
2026-06-02 13:00:00,HVAC-02,HVAC,23.527,ON,76.71,108.92,59.9,2.61,28.7,12,OK,0,NORMAL
2026-06-02 14:00:00,HVAC-02,HVAC,23.953,ON,46.83,113.32,65.0,1.93,30.2,12,OK,0,NORMAL
2026-06-02 15:00:00,HVAC-02,HVAC,23.687,ON,91.56,98.33,76.6,6.03,32.2,12,OK,0,NORMAL
2026-06-02 16:00:00,HVAC-02,HVAC,25.792,ON,97.16,69.29,84.6,17.9,32.6,12,OK,0,NORMAL
2026-06-02 17:00:00,HVAC-02,HVAC,25.12,ON,73.77,34.54,85.9,27.32,31.3,12,OK,0,NORMAL
2026-06-02 18:00:00,HVAC-02,HVAC,23.65,ON,100.0,0.0,82.0,35.47,29.8,12,OK,0,NORMAL
2026-06-02 19:00:00,HVAC-02,HVAC,21.838,ON,83.72,0.0,82.8,32.76,28.1,12,OK,0,NORMAL
2026-06-02 20:00:00,HVAC-02,HVAC,4.075,IDLE,0.0,0.0,82.8,6.11,25.0,12,OK,0,NORMAL
2026-06-02 21:00:00,HVAC-02,HVAC,4.915,IDLE,0.0,0.0,73.3,7.37,24.1,12,OK,0,NORMAL
2026-06-02 22:00:00,HVAC-02,HVAC,4.072,IDLE,0.0,0.0,68.4,6.11,22.6,12,OK,0,NORMAL
2026-06-02 23:00:00,HVAC-02,HVAC,4.536,IDLE,0.0,0.0,60.6,6.8,22.8,12,OK,0,NORMAL
2026-06-03 00:00:00,HVAC-02,HVAC,4.261,IDLE,0.0,0.0,48.1,6.39,20.5,13,OK,0,NORMAL
2026-06-03 01:00:00,HVAC-02,HVAC,4.739,IDLE,0.0,0.0,40.8,7.11,16.8,13,OK,0,NORMAL
2026-06-03 02:00:00,HVAC-02,HVAC,4.667,IDLE,0.0,0.0,26.0,7.0,18.6,13,OK,0,NORMAL
2026-06-03 03:00:00,HVAC-02,HVAC,5.019,IDLE,0.0,0.0,23.2,7.53,17.5,13,OK,0,NORMAL
2026-06-03 04:00:00,HVAC-02,HVAC,4.245,IDLE,0.0,0.0,20.0,6.37,17.4,13,OK,0,NORMAL
2026-06-03 05:00:00,HVAC-02,HVAC,4.365,IDLE,0.0,0.0,20.0,6.55,19.7,13,OK,0,NORMAL
2026-06-03 06:00:00,HVAC-02,HVAC,4.011,IDLE,0.0,0.0,20.0,6.02,21.3,13,OK,0,NORMAL
2026-06-03 07:00:00,HVAC-02,HVAC,18.81,ON,73.34,27.63,20.0,19.92,22.6,13,OK,0,NORMAL
2026-06-03 08:00:00,HVAC-02,HVAC,17.205,ON,91.35,65.09,20.0,6.28,22.2,13,OK,0,NORMAL
2026-06-03 09:00:00,HVAC-02,HVAC,21.196,ON,93.04,75.93,25.5,9.01,24.6,13,OK,0,NORMAL
2026-06-03 10:00:00,HVAC-02,HVAC,23.523,ON,86.2,96.67,35.4,6.29,27.2,13,OK,0,NORMAL
2026-06-03 11:00:00,HVAC-02,HVAC,22.125,ON,68.39,127.34,38.1,0.0,29.7,13,OK,0,NORMAL
2026-06-03 12:00:00,HVAC-02,HVAC,24.658,ON,53.32,127.18,52.3,0.0,29.4,13,OK,0,NORMAL
2026-06-03 13:00:00,HVAC-02,HVAC,24.132,ON,89.82,132.1,59.1,0.0,30.8,13,OK,0,NORMAL
2026-06-03 14:00:00,HVAC-02,HVAC,22.778,ON,84.2,110.47,65.5,1.02,30.4,13,OK,0,NORMAL
2026-06-03 15:00:00,HVAC-02,HVAC,24.124,ON,100.0,87.17,75.7,10.04,30.6,13,OK,0,NORMAL
2026-06-03 16:00:00,HVAC-02,HVAC,26.241,ON,81.64,50.25,80.7,24.29,32.7,13,OK,0,NORMAL
2026-06-03 17:00:00,HVAC-02,HVAC,25.707,ON,87.22,29.41,82.6,29.74,32.7,13,OK,0,NORMAL
2026-06-03 18:00:00,HVAC-02,HVAC,23.976,ON,68.14,0.0,85.1,35.96,29.9,13,OK,0,NORMAL
2026-06-03 19:00:00,HVAC-02,HVAC,24.738,ON,100.0,0.0,83.0,37.11,29.7,13,OK,0,NORMAL
2026-06-03 20:00:00,HVAC-02,HVAC,5.297,IDLE,0.0,0.0,80.5,7.94,27.2,13,OK,0,NORMAL
2026-06-03 21:00:00,HVAC-02,HVAC,4.244,IDLE,0.0,0.0,76.1,6.37,24.2,13,OK,0,NORMAL
2026-06-03 22:00:00,HVAC-02,HVAC,4.005,IDLE,0.0,0.0,70.7,6.01,23.6,13,OK,0,NORMAL
2026-06-03 23:00:00,HVAC-02,HVAC,4.437,IDLE,0.0,0.0,56.6,6.66,23.3,13,OK,0,NORMAL
2026-06-04 00:00:00,HVAC-02,HVAC,4.528,IDLE,0.0,0.0,54.3,6.79,20.0,14,OK,0,NORMAL
2026-06-04 01:00:00,HVAC-02,HVAC,5.047,IDLE,0.0,0.0,37.0,7.57,20.8,14,OK,0,NORMAL
2026-06-04 02:00:00,HVAC-02,HVAC,3.654,IDLE,0.0,0.0,32.2,5.48,15.1,14,OK,0,NORMAL
2026-06-04 03:00:00,HVAC-02,HVAC,5.265,IDLE,0.0,0.0,26.4,7.9,19.0,14,OK,0,NORMAL
2026-06-04 04:00:00,HVAC-02,HVAC,4.421,IDLE,0.0,0.0,20.3,6.63,18.3,14,OK,0,NORMAL
2026-06-04 05:00:00,HVAC-02,HVAC,4.287,IDLE,0.0,0.0,20.0,6.43,18.6,14,OK,0,NORMAL
2026-06-04 06:00:00,HVAC-02,HVAC,3.994,IDLE,0.0,0.0,20.0,5.99,20.2,14,OK,0,NORMAL
2026-06-04 07:00:00,HVAC-02,HVAC,16.804,ON,55.18,25.15,20.0,17.66,19.1,14,OK,0,NORMAL
2026-06-04 08:00:00,HVAC-02,HVAC,17.357,ON,81.1,63.49,20.0,6.99,22.9,14,OK,0,NORMAL
2026-06-04 09:00:00,HVAC-02,HVAC,20.064,ON,60.57,73.89,27.0,7.93,25.4,14,OK,0,NORMAL
2026-06-04 10:00:00,HVAC-02,HVAC,22.35,ON,100.0,122.23,33.2,0.0,28.6,14,OK,0,NORMAL
2026-06-04 11:00:00,HVAC-02,HVAC,21.869,ON,57.45,136.96,39.6,0.0,27.9,14,OK,0,NORMAL
2026-06-04 12:00:00,HVAC-02,HVAC,20.189,ON,75.91,139.91,51.8,0.0,29.0,14,OK,0,NORMAL
2026-06-04 13:00:00,HVAC-02,HVAC,23.691,ON,79.19,109.89,59.7,2.57,30.5,14,OK,0,NORMAL
2026-06-04 14:00:00,HVAC-02,HVAC,27.451,ON,90.44,83.78,69.1,16.04,32.9,14,OK,0,NORMAL
2026-06-04 15:00:00,HVAC-02,HVAC,25.007,ON,96.9,99.39,76.0,7.69,32.4,14,OK,0,NORMAL
2026-06-04 16:00:00,HVAC-02,HVAC,26.961,ON,63.4,58.28,78.7,22.96,31.1,14,OK,0,NORMAL
2026-06-04 17:00:00,HVAC-02,HVAC,24.789,ON,80.89,36.86,82.7,26.13,31.7,14,OK,0,NORMAL
2026-06-04 18:00:00,HVAC-02,HVAC,23.844,ON,79.64,0.0,86.5,35.77,30.1,14,OK,0,NORMAL
2026-06-04 19:00:00,HVAC-02,HVAC,22.79,ON,77.83,0.0,85.0,34.18,29.7,14,OK,0,NORMAL
2026-06-04 20:00:00,HVAC-02,HVAC,4.227,IDLE,0.0,0.0,80.3,6.34,26.0,14,OK,0,NORMAL
2026-06-04 21:00:00,HVAC-02,HVAC,4.484,IDLE,0.0,0.0,75.0,6.73,24.6,14,OK,0,NORMAL
2026-06-04 22:00:00,HVAC-02,HVAC,4.228,IDLE,0.0,0.0,70.1,6.34,22.7,14,OK,0,NORMAL
2026-06-04 23:00:00,HVAC-02,HVAC,4.144,IDLE,0.0,0.0,57.9,6.22,19.7,14,OK,0,NORMAL
2026-06-05 00:00:00,HVAC-02,HVAC,4.553,IDLE,0.0,0.0,51.1,6.83,20.4,15,OK,0,NORMAL
2026-06-05 01:00:00,HVAC-02,HVAC,4.373,IDLE,0.0,0.0,40.5,6.56,19.3,15,OK,0,NORMAL
2026-06-05 02:00:00,HVAC-02,HVAC,5.252,IDLE,0.0,0.0,32.1,7.88,18.2,15,OK,0,NORMAL
2026-06-05 03:00:00,HVAC-02,HVAC,3.175,IDLE,0.0,0.0,27.4,4.76,17.7,15,OK,0,NORMAL
2026-06-05 04:00:00,HVAC-02,HVAC,5.046,IDLE,0.0,0.0,21.3,7.57,16.5,15,OK,0,NORMAL
2026-06-05 05:00:00,HVAC-02,HVAC,5.123,IDLE,0.0,0.0,20.0,7.68,18.4,15,OK,0,NORMAL
2026-06-05 06:00:00,HVAC-02,HVAC,3.463,IDLE,0.0,0.0,20.0,5.19,19.6,15,OK,0,NORMAL
2026-06-05 07:00:00,HVAC-02,HVAC,16.605,ON,74.86,37.15,20.0,13.76,20.5,15,OK,0,NORMAL
2026-06-05 08:00:00,HVAC-02,HVAC,17.918,ON,58.89,51.36,21.1,11.47,23.0,15,OK,0,NORMAL
2026-06-05 09:00:00,HVAC-02,HVAC,22.192,ON,63.34,85.47,24.6,7.65,25.5,15,OK,0,NORMAL
2026-06-05 10:00:00,HVAC-02,HVAC,24.224,ON,94.04,119.61,33.1,0.45,29.1,15,OK,0,NORMAL
2026-06-05 11:00:00,HVAC-02,HVAC,21.568,ON,90.83,127.07,40.7,0.0,28.7,15,OK,0,NORMAL
2026-06-05 12:00:00,HVAC-02,HVAC,24.271,ON,72.13,129.46,50.2,0.0,30.3,15,OK,0,NORMAL
2026-06-05 13:00:00,HVAC-02,HVAC,24.994,ON,61.67,125.3,60.2,0.0,31.0,15,OK,0,NORMAL
2026-06-05 14:00:00,HVAC-02,HVAC,22.846,ON,76.4,98.08,65.9,4.85,29.5,15,OK,0,NORMAL
2026-06-05 15:00:00,HVAC-02,HVAC,25.422,ON,90.66,77.85,78.9,14.78,32.0,15,OK,0,NORMAL
2026-06-05 16:00:00,HVAC-02,HVAC,26.043,ON,74.59,67.42,78.3,18.84,31.8,15,OK,0,NORMAL
2026-06-05 17:00:00,HVAC-02,HVAC,27.029,ON,63.78,34.91,81.4,30.07,34.0,15,OK,0,NORMAL
2026-06-05 18:00:00,HVAC-02,HVAC,23.094,ON,88.9,0.0,87.3,34.64,29.7,15,OK,0,NORMAL
2026-06-05 19:00:00,HVAC-02,HVAC,21.552,ON,84.89,0.0,85.4,32.33,28.9,15,OK,0,NORMAL
2026-06-05 20:00:00,HVAC-02,HVAC,4.962,IDLE,0.0,0.0,81.6,7.44,26.8,15,OK,0,NORMAL
2026-06-05 21:00:00,HVAC-02,HVAC,4.408,IDLE,0.0,0.0,76.0,6.61,23.6,15,OK,0,NORMAL
2026-06-05 22:00:00,HVAC-02,HVAC,4.239,IDLE,0.0,0.0,67.5,6.36,24.6,15,OK,0,NORMAL
2026-06-05 23:00:00,HVAC-02,HVAC,5.025,IDLE,0.0,0.0,57.3,7.54,22.4,15,OK,0,NORMAL
2026-06-01 00:00:00,Motor-01,Heavy Motor,8.398,IDLE,0.0,0.0,51.9,12.6,20.6,11,OK,0,NORMAL
2026-06-01 01:00:00,Motor-01,Heavy Motor,8.046,IDLE,0.0,0.0,42.2,12.07,18.8,11,OK,0,NORMAL
2026-06-01 02:00:00,Motor-01,Heavy Motor,7.972,IDLE,0.0,0.0,31.9,11.96,19.0,11,OK,0,NORMAL
2026-06-01 03:00:00,Motor-01,Heavy Motor,9.053,IDLE,0.0,0.0,26.8,13.58,19.8,11,OK,0,NORMAL
2026-06-01 04:00:00,Motor-01,Heavy Motor,8.11,IDLE,0.0,0.0,20.0,12.16,18.0,11,OK,0,NORMAL
2026-06-01 05:00:00,Motor-01,Heavy Motor,9.627,IDLE,0.0,0.0,20.0,14.44,18.7,11,OK,0,NORMAL
2026-06-01 06:00:00,Motor-01,Heavy Motor,7.709,IDLE,0.0,0.0,20.0,11.56,21.9,11,OK,0,NORMAL
2026-06-01 07:00:00,Motor-01,Heavy Motor,49.211,ON,100.0,35.22,20.0,63.25,22.4,11,OK,0,NORMAL
2026-06-01 08:00:00,Motor-01,Heavy Motor,45.452,ON,78.55,55.7,24.3,51.47,22.6,11,OK,0,NORMAL
2026-06-01 09:00:00,Motor-01,Heavy Motor,47.001,ON,85.99,74.21,21.5,48.24,25.7,11,OK,0,NORMAL
2026-06-01 10:00:00,Motor-01,Heavy Motor,48.631,ON,96.55,84.83,33.9,47.5,26.3,11,OK,0,NORMAL
2026-06-01 11:00:00,Motor-01,Heavy Motor,46.152,ON,82.25,120.13,37.7,33.19,27.9,11,OK,0,NORMAL
2026-06-01 12:00:00,Motor-01,Heavy Motor,46.388,ON,79.15,128.52,49.1,31.03,30.2,11,OK,0,NORMAL
2026-06-01 13:00:00,Motor-01,Heavy Motor,41.26,ON,54.35,93.5,61.2,33.84,28.8,11,OK,0,NORMAL
2026-06-01 14:00:00,Motor-01,Heavy Motor,47.932,ON,91.15,104.43,67.6,40.57,29.7,11,OK,0,NORMAL
2026-06-01 15:00:00,Motor-01,Heavy Motor,45.832,ON,77.24,75.57,72.6,46.08,31.3,11,OK,0,NORMAL
2026-06-01 16:00:00,Motor-01,Heavy Motor,46.39,ON,85.21,63.48,78.9,50.54,30.5,11,OK,0,NORMAL
2026-06-01 17:00:00,Motor-01,Heavy Motor,44.761,ON,68.33,27.01,85.2,59.04,31.4,11,OK,0,NORMAL
2026-06-01 18:00:00,Motor-01,Heavy Motor,44.554,ON,65.32,0.0,83.5,66.83,28.9,11,OK,0,NORMAL
2026-06-01 19:00:00,Motor-01,Heavy Motor,43.654,ON,54.46,0.0,84.2,65.48,26.8,11,OK,0,NORMAL
2026-06-01 20:00:00,Motor-01,Heavy Motor,8.986,IDLE,0.0,0.0,80.4,13.48,28.6,11,OK,0,NORMAL
2026-06-01 21:00:00,Motor-01,Heavy Motor,8.878,IDLE,0.0,0.0,73.4,13.32,24.7,11,OK,0,NORMAL
2026-06-01 22:00:00,Motor-01,Heavy Motor,9.241,IDLE,0.0,0.0,71.8,13.86,23.3,11,OK,0,NORMAL
2026-06-01 23:00:00,Motor-01,Heavy Motor,9.583,IDLE,0.0,0.0,60.3,14.37,19.8,11,OK,0,NORMAL
2026-06-02 00:00:00,Motor-01,Heavy Motor,9.257,IDLE,0.0,0.0,45.9,13.89,19.4,12,OK,0,NORMAL
2026-06-02 01:00:00,Motor-01,Heavy Motor,7.83,IDLE,0.0,0.0,41.3,11.74,19.1,12,OK,0,NORMAL
2026-06-02 02:00:00,Motor-01,Heavy Motor,8.11,IDLE,0.0,0.0,31.2,12.17,16.9,12,OK,0,NORMAL
2026-06-02 03:00:00,Motor-01,Heavy Motor,8.438,IDLE,0.0,0.0,27.0,12.66,18.5,12,OK,0,NORMAL
2026-06-02 04:00:00,Motor-01,Heavy Motor,8.763,IDLE,0.0,0.0,20.0,13.14,17.5,12,OK,0,NORMAL
2026-06-02 05:00:00,Motor-01,Heavy Motor,9.009,IDLE,0.0,0.0,20.0,13.51,18.6,12,OK,0,NORMAL
2026-06-02 06:00:00,Motor-01,Heavy Motor,8.387,IDLE,0.0,0.0,20.0,12.58,19.3,12,OK,0,NORMAL
2026-06-02 07:00:00,Motor-01,Heavy Motor,45.837,ON,82.8,27.85,20.0,60.4,23.7,12,OK,0,NORMAL
2026-06-02 08:00:00,Motor-01,Heavy Motor,43.509,ON,70.83,50.23,20.0,50.19,23.2,12,OK,0,NORMAL
2026-06-02 09:00:00,Motor-01,Heavy Motor,42.91,ON,66.15,98.33,24.6,34.86,23.7,12,OK,0,NORMAL
2026-06-02 10:00:00,Motor-01,Heavy Motor,45.204,ON,65.36,120.57,31.6,31.64,27.8,12,OK,0,NORMAL
2026-06-02 11:00:00,Motor-01,Heavy Motor,46.839,ON,65.76,122.08,39.6,33.63,27.0,12,OK,0,NORMAL
2026-06-02 12:00:00,Motor-01,Heavy Motor,47.421,ON,87.4,112.27,53.5,37.45,30.2,12,OK,0,NORMAL
2026-06-02 13:00:00,Motor-01,Heavy Motor,45.098,ON,67.12,108.92,59.9,34.97,28.7,12,OK,0,NORMAL
2026-06-02 14:00:00,Motor-01,Heavy Motor,45.113,ON,71.37,113.32,65.0,33.68,30.2,12,OK,0,NORMAL
2026-06-02 15:00:00,Motor-01,Heavy Motor,48.904,ON,100.0,98.33,76.6,43.86,32.2,12,OK,0,NORMAL
2026-06-02 16:00:00,Motor-01,Heavy Motor,47.91,ON,97.24,69.29,84.6,51.08,32.6,12,OK,0,NORMAL
2026-06-02 17:00:00,Motor-01,Heavy Motor,47.897,ON,79.48,34.54,85.9,61.49,31.3,12,OK,0,NORMAL
2026-06-02 18:00:00,Motor-01,Heavy Motor,46.696,ON,70.6,0.0,82.0,70.04,29.8,12,OK,0,NORMAL
2026-06-02 19:00:00,Motor-01,Heavy Motor,47.124,ON,90.62,0.0,82.8,70.69,28.1,12,OK,0,NORMAL
2026-06-02 20:00:00,Motor-01,Heavy Motor,9.066,IDLE,0.0,0.0,82.8,13.6,25.0,12,OK,0,NORMAL
2026-06-02 21:00:00,Motor-01,Heavy Motor,9.236,IDLE,0.0,0.0,73.3,13.85,24.1,12,OK,0,NORMAL
2026-06-02 22:00:00,Motor-01,Heavy Motor,9.061,IDLE,0.0,0.0,68.4,13.59,22.6,12,OK,0,NORMAL
2026-06-02 23:00:00,Motor-01,Heavy Motor,7.965,IDLE,0.0,0.0,60.6,11.95,22.8,12,OK,0,NORMAL
2026-06-03 00:00:00,Motor-01,Heavy Motor,8.386,IDLE,0.0,0.0,48.1,12.58,20.5,13,OK,0,NORMAL
2026-06-03 01:00:00,Motor-01,Heavy Motor,8.626,IDLE,0.0,0.0,40.8,12.94,16.8,13,OK,0,NORMAL
2026-06-03 02:00:00,Motor-01,Heavy Motor,8.713,IDLE,0.0,0.0,26.0,13.07,18.6,13,OK,0,NORMAL
2026-06-03 03:00:00,Motor-01,Heavy Motor,9.06,IDLE,0.0,0.0,23.2,13.59,17.5,13,OK,0,NORMAL
2026-06-03 04:00:00,Motor-01,Heavy Motor,8.839,IDLE,0.0,0.0,20.0,13.26,17.4,13,OK,0,NORMAL
2026-06-03 05:00:00,Motor-01,Heavy Motor,8.082,IDLE,0.0,0.0,20.0,12.12,19.7,13,OK,0,NORMAL
2026-06-03 06:00:00,Motor-01,Heavy Motor,8.94,IDLE,0.0,0.0,20.0,13.41,21.3,13,OK,0,NORMAL
2026-06-03 07:00:00,Motor-01,Heavy Motor,48.042,ON,89.16,27.63,20.0,63.77,22.6,13,OK,0,NORMAL
2026-06-03 08:00:00,Motor-01,Heavy Motor,49.304,ON,96.21,65.09,20.0,54.43,22.2,13,OK,0,NORMAL
2026-06-03 09:00:00,Motor-01,Heavy Motor,47.094,ON,86.89,75.93,25.5,47.86,24.6,13,OK,0,NORMAL
2026-06-03 10:00:00,Motor-01,Heavy Motor,43.142,ON,55.09,96.67,35.4,35.71,27.2,13,OK,0,NORMAL
2026-06-03 11:00:00,Motor-01,Heavy Motor,46.908,ON,83.12,127.34,38.1,32.16,29.7,13,OK,0,NORMAL
2026-06-03 12:00:00,Motor-01,Heavy Motor,42.438,ON,60.85,127.18,52.3,25.5,29.4,13,OK,0,NORMAL
2026-06-03 13:00:00,Motor-01,Heavy Motor,48.372,ON,95.8,132.1,59.1,32.93,30.8,13,OK,0,NORMAL
2026-06-03 14:00:00,Motor-01,Heavy Motor,47.659,ON,90.22,110.47,65.5,38.35,30.4,13,OK,0,NORMAL
2026-06-03 15:00:00,Motor-01,Heavy Motor,47.201,ON,80.45,87.17,75.7,44.65,30.6,13,OK,0,NORMAL
2026-06-03 16:00:00,Motor-01,Heavy Motor,45.212,ON,72.26,50.25,80.7,52.74,32.7,13,OK,0,NORMAL
2026-06-03 17:00:00,Motor-01,Heavy Motor,44.795,ON,73.07,29.41,82.6,58.37,32.7,13,OK,0,NORMAL
2026-06-03 18:00:00,Motor-01,Heavy Motor,45.773,ON,75.36,0.0,85.1,68.66,29.9,13,OK,0,NORMAL
2026-06-03 19:00:00,Motor-01,Heavy Motor,46.45,ON,72.82,0.0,83.0,69.68,29.7,13,OK,0,NORMAL
2026-06-03 20:00:00,Motor-01,Heavy Motor,8.303,IDLE,0.0,0.0,80.5,12.45,27.2,13,OK,0,NORMAL
2026-06-03 21:00:00,Motor-01,Heavy Motor,8.657,IDLE,0.0,0.0,76.1,12.98,24.2,13,OK,0,NORMAL
2026-06-03 22:00:00,Motor-01,Heavy Motor,8.53,IDLE,0.0,0.0,70.7,12.8,23.6,13,OK,0,NORMAL
2026-06-03 23:00:00,Motor-01,Heavy Motor,9.473,IDLE,0.0,0.0,56.6,14.21,23.3,13,OK,0,NORMAL
2026-06-04 00:00:00,Motor-01,Heavy Motor,8.848,IDLE,0.0,0.0,54.3,13.27,20.0,14,OK,0,NORMAL
2026-06-04 01:00:00,Motor-01,Heavy Motor,9.266,IDLE,0.0,0.0,37.0,13.9,20.8,14,OK,0,NORMAL
2026-06-04 02:00:00,Motor-01,Heavy Motor,8.007,IDLE,0.0,0.0,32.2,12.01,15.1,14,OK,0,NORMAL
2026-06-04 03:00:00,Motor-01,Heavy Motor,8.884,IDLE,0.0,0.0,26.4,13.33,19.0,14,OK,0,NORMAL
2026-06-04 04:00:00,Motor-01,Heavy Motor,9.195,IDLE,0.0,0.0,20.3,13.79,18.3,14,OK,0,NORMAL
2026-06-04 05:00:00,Motor-01,Heavy Motor,8.791,IDLE,0.0,0.0,20.0,13.19,18.6,14,OK,0,NORMAL
2026-06-04 06:00:00,Motor-01,Heavy Motor,9.283,IDLE,0.0,0.0,20.0,13.92,20.2,14,OK,0,NORMAL
2026-06-04 07:00:00,Motor-01,Heavy Motor,72.111,ON,72.24,25.15,20.0,100.62,19.1,14,OK,1,MECHANICAL_RESISTANCE
2026-06-04 08:00:00,Motor-01,Heavy Motor,75.388,ON,100.0,63.49,20.0,94.03,22.9,14,OK,1,MECHANICAL_RESISTANCE
2026-06-04 09:00:00,Motor-01,Heavy Motor,72.413,ON,73.32,73.89,27.0,86.45,25.4,14,OK,1,MECHANICAL_RESISTANCE
2026-06-04 10:00:00,Motor-01,Heavy Motor,75.14,ON,100.0,122.23,33.2,76.04,28.6,14,OK,1,MECHANICAL_RESISTANCE
2026-06-04 11:00:00,Motor-01,Heavy Motor,69.806,ON,73.7,136.96,39.6,63.62,27.9,14,OK,1,MECHANICAL_RESISTANCE
2026-06-04 12:00:00,Motor-01,Heavy Motor,65.81,ON,59.83,139.91,51.8,56.74,29.0,14,OK,1,MECHANICAL_RESISTANCE
2026-06-04 13:00:00,Motor-01,Heavy Motor,67.151,ON,64.94,109.89,59.7,67.76,30.5,14,OK,1,MECHANICAL_RESISTANCE
2026-06-04 14:00:00,Motor-01,Heavy Motor,71.86,ON,79.48,83.78,69.1,82.66,32.9,14,OK,1,MECHANICAL_RESISTANCE
2026-06-04 15:00:00,Motor-01,Heavy Motor,74.403,ON,100.0,99.39,76.0,81.79,32.4,14,OK,1,MECHANICAL_RESISTANCE
2026-06-04 16:00:00,Motor-01,Heavy Motor,74.482,ON,94.76,58.28,78.7,94.24,31.1,14,OK,1,MECHANICAL_RESISTANCE
2026-06-04 17:00:00,Motor-01,Heavy Motor,72.495,ON,79.26,36.86,82.7,97.69,31.7,14,OK,1,MECHANICAL_RESISTANCE
2026-06-04 18:00:00,Motor-01,Heavy Motor,68.548,ON,63.16,0.0,86.5,102.82,30.1,14,OK,1,MECHANICAL_RESISTANCE
2026-06-04 19:00:00,Motor-01,Heavy Motor,72.915,ON,82.5,0.0,85.0,109.37,29.7,14,OK,1,MECHANICAL_RESISTANCE
2026-06-04 20:00:00,Motor-01,Heavy Motor,8.895,IDLE,0.0,0.0,80.3,13.34,26.0,14,OK,0,NORMAL
2026-06-04 21:00:00,Motor-01,Heavy Motor,9.978,IDLE,0.0,0.0,75.0,14.97,24.6,14,OK,0,NORMAL
2026-06-04 22:00:00,Motor-01,Heavy Motor,8.431,IDLE,0.0,0.0,70.1,12.65,22.7,14,OK,0,NORMAL
2026-06-04 23:00:00,Motor-01,Heavy Motor,8.485,IDLE,0.0,0.0,57.9,12.73,19.7,14,OK,0,NORMAL
2026-06-05 00:00:00,Motor-01,Heavy Motor,8.438,IDLE,0.0,0.0,51.1,12.66,20.4,15,OK,0,NORMAL
2026-06-05 01:00:00,Motor-01,Heavy Motor,8.472,IDLE,0.0,0.0,40.5,12.71,19.3,15,OK,0,NORMAL
2026-06-05 02:00:00,Motor-01,Heavy Motor,8.431,IDLE,0.0,0.0,32.1,12.65,18.2,15,OK,0,NORMAL
2026-06-05 03:00:00,Motor-01,Heavy Motor,9.345,IDLE,0.0,0.0,27.4,14.02,17.7,15,OK,0,NORMAL
2026-06-05 04:00:00,Motor-01,Heavy Motor,9.46,IDLE,0.0,0.0,21.3,14.19,16.5,15,OK,0,NORMAL
2026-06-05 05:00:00,Motor-01,Heavy Motor,8.465,IDLE,0.0,0.0,20.0,12.7,18.4,15,OK,0,NORMAL
2026-06-05 06:00:00,Motor-01,Heavy Motor,8.334,IDLE,0.0,0.0,20.0,12.5,19.6,15,OK,0,NORMAL
2026-06-05 07:00:00,Motor-01,Heavy Motor,72.289,ON,87.07,37.15,20.0,97.29,20.5,15,OK,1,MECHANICAL_RESISTANCE
2026-06-05 08:00:00,Motor-01,Heavy Motor,73.985,ON,89.49,51.36,21.1,95.57,23.0,15,OK,1,MECHANICAL_RESISTANCE
2026-06-05 09:00:00,Motor-01,Heavy Motor,69.075,ON,57.26,85.47,24.6,77.97,25.5,15,OK,1,MECHANICAL_RESISTANCE
2026-06-05 10:00:00,Motor-01,Heavy Motor,75.0,ON,100.0,119.61,33.1,76.62,29.1,15,OK,1,MECHANICAL_RESISTANCE
2026-06-05 11:00:00,Motor-01,Heavy Motor,70.791,ON,74.18,127.07,40.7,68.06,28.7,15,OK,1,MECHANICAL_RESISTANCE
2026-06-05 12:00:00,Motor-01,Heavy Motor,73.719,ON,85.02,129.46,50.2,71.74,30.3,15,OK,1,MECHANICAL_RESISTANCE
2026-06-05 13:00:00,Motor-01,Heavy Motor,75.676,ON,100.0,125.3,60.2,75.92,31.0,15,OK,1,MECHANICAL_RESISTANCE
2026-06-05 14:00:00,Motor-01,Heavy Motor,66.874,ON,68.03,98.08,65.9,70.89,29.5,15,OK,1,MECHANICAL_RESISTANCE
2026-06-05 15:00:00,Motor-01,Heavy Motor,69.179,ON,69.04,77.85,78.9,80.42,32.0,15,OK,1,MECHANICAL_RESISTANCE
2026-06-05 16:00:00,Motor-01,Heavy Motor,75.148,ON,100.0,67.42,78.3,92.49,31.8,15,OK,1,MECHANICAL_RESISTANCE
2026-06-05 17:00:00,Motor-01,Heavy Motor,72.313,ON,83.36,34.91,81.4,98.0,34.0,15,OK,1,MECHANICAL_RESISTANCE
2026-06-05 18:00:00,Motor-01,Heavy Motor,79.395,ON,97.83,0.0,87.3,119.09,29.7,15,OK,1,MECHANICAL_RESISTANCE
2026-06-05 19:00:00,Motor-01,Heavy Motor,69.123,ON,72.04,0.0,85.4,103.69,28.9,15,OK,1,MECHANICAL_RESISTANCE
2026-06-05 20:00:00,Motor-01,Heavy Motor,9.272,IDLE,0.0,0.0,81.6,13.91,26.8,15,OK,0,NORMAL
2026-06-05 21:00:00,Motor-01,Heavy Motor,9.091,IDLE,0.0,0.0,76.0,13.64,23.6,15,OK,0,NORMAL
2026-06-05 22:00:00,Motor-01,Heavy Motor,9.673,IDLE,0.0,0.0,67.5,14.51,24.6,15,OK,0,NORMAL
2026-06-05 23:00:00,Motor-01,Heavy Motor,9.042,IDLE,0.0,0.0,57.3,13.56,22.4,15,OK,0,NORMAL
2026-06-01 00:00:00,Compressor-01,Industrial Compressor,7.32,IDLE,0.0,0.0,51.9,10.98,20.6,11,OK,0,NORMAL
2026-06-01 01:00:00,Compressor-01,Industrial Compressor,7.795,IDLE,0.0,0.0,42.2,11.69,18.8,11,OK,0,NORMAL
2026-06-01 02:00:00,Compressor-01,Industrial Compressor,8.054,IDLE,0.0,0.0,31.9,12.08,19.0,11,OK,0,NORMAL
2026-06-01 03:00:00,Compressor-01,Industrial Compressor,7.91,IDLE,0.0,0.0,26.8,11.87,19.8,11,OK,0,NORMAL
2026-06-01 04:00:00,Compressor-01,Industrial Compressor,7.754,IDLE,0.0,0.0,20.0,11.63,18.0,11,OK,0,NORMAL
2026-06-01 05:00:00,Compressor-01,Industrial Compressor,8.033,IDLE,0.0,0.0,20.0,12.05,18.7,11,OK,0,NORMAL
2026-06-01 06:00:00,Compressor-01,Industrial Compressor,8.085,IDLE,0.0,0.0,20.0,12.13,21.9,11,OK,0,NORMAL
2026-06-01 07:00:00,Compressor-01,Industrial Compressor,39.649,ON,100.0,35.22,20.0,48.91,22.4,11,OK,0,NORMAL
2026-06-01 08:00:00,Compressor-01,Industrial Compressor,37.121,ON,77.49,55.7,24.3,38.97,22.6,11,OK,0,NORMAL
2026-06-01 09:00:00,Compressor-01,Industrial Compressor,38.012,ON,98.1,74.21,21.5,34.75,25.7,11,OK,0,NORMAL
2026-06-01 10:00:00,Compressor-01,Industrial Compressor,37.304,ON,85.53,84.83,33.9,30.51,26.3,11,OK,0,NORMAL
2026-06-01 11:00:00,Compressor-01,Industrial Compressor,38.517,ON,80.43,120.13,37.7,21.74,27.9,11,OK,0,NORMAL
2026-06-01 12:00:00,Compressor-01,Industrial Compressor,37.504,ON,82.87,128.52,49.1,17.7,30.2,11,OK,0,NORMAL
2026-06-01 13:00:00,Compressor-01,Industrial Compressor,36.11,ON,59.6,93.5,61.2,26.12,28.8,11,OK,0,NORMAL
2026-06-01 14:00:00,Compressor-01,Industrial Compressor,40.235,ON,89.68,104.43,67.6,29.02,29.7,11,OK,0,NORMAL
2026-06-01 15:00:00,Compressor-01,Industrial Compressor,37.004,ON,75.38,75.57,72.6,32.83,31.3,11,OK,0,NORMAL
2026-06-01 16:00:00,Compressor-01,Industrial Compressor,39.114,ON,83.74,63.48,78.9,39.63,30.5,11,OK,0,NORMAL
2026-06-01 17:00:00,Compressor-01,Industrial Compressor,37.35,ON,78.57,27.01,85.2,47.92,31.4,11,OK,0,NORMAL
2026-06-01 18:00:00,Compressor-01,Industrial Compressor,38.207,ON,89.12,0.0,83.5,57.31,28.9,11,OK,0,NORMAL
2026-06-01 19:00:00,Compressor-01,Industrial Compressor,36.791,ON,73.3,0.0,84.2,55.19,26.8,11,OK,0,NORMAL
2026-06-01 20:00:00,Compressor-01,Industrial Compressor,8.037,IDLE,0.0,0.0,80.4,12.06,28.6,11,OK,0,NORMAL
2026-06-01 21:00:00,Compressor-01,Industrial Compressor,6.987,IDLE,0.0,0.0,73.4,10.48,24.7,11,OK,0,NORMAL
2026-06-01 22:00:00,Compressor-01,Industrial Compressor,7.566,IDLE,0.0,0.0,71.8,11.35,23.3,11,OK,0,NORMAL
2026-06-01 23:00:00,Compressor-01,Industrial Compressor,7.15,IDLE,0.0,0.0,60.3,10.72,19.8,11,OK,0,NORMAL
2026-06-02 00:00:00,Compressor-01,Industrial Compressor,8.098,IDLE,0.0,0.0,45.9,12.15,19.4,12,OK,0,NORMAL
2026-06-02 01:00:00,Compressor-01,Industrial Compressor,6.738,IDLE,0.0,0.0,41.3,10.11,19.1,12,OK,0,NORMAL
2026-06-02 02:00:00,Compressor-01,Industrial Compressor,7.221,IDLE,0.0,0.0,31.2,10.83,16.9,12,OK,0,NORMAL
2026-06-02 03:00:00,Compressor-01,Industrial Compressor,7.689,IDLE,0.0,0.0,27.0,11.53,18.5,12,OK,0,NORMAL
2026-06-02 04:00:00,Compressor-01,Industrial Compressor,8.283,IDLE,0.0,0.0,20.0,12.42,17.5,12,OK,0,NORMAL
2026-06-02 05:00:00,Compressor-01,Industrial Compressor,7.467,IDLE,0.0,0.0,20.0,11.2,18.6,12,OK,0,NORMAL
2026-06-02 06:00:00,Compressor-01,Industrial Compressor,7.222,IDLE,0.0,0.0,20.0,10.83,19.3,12,OK,0,NORMAL
2026-06-02 07:00:00,Compressor-01,Industrial Compressor,37.552,ON,100.0,27.85,20.0,47.97,23.7,12,OK,0,NORMAL
2026-06-02 08:00:00,Compressor-01,Industrial Compressor,34.672,ON,47.02,50.23,20.0,36.94,23.2,12,OK,0,NORMAL
2026-06-02 09:00:00,Compressor-01,Industrial Compressor,35.501,ON,72.47,98.33,24.6,23.75,23.7,12,OK,0,NORMAL
2026-06-02 10:00:00,Compressor-01,Industrial Compressor,38.4,ON,90.63,120.57,31.6,21.43,27.8,12,OK,0,NORMAL
2026-06-02 11:00:00,Compressor-01,Industrial Compressor,35.158,ON,71.54,122.08,39.6,16.11,27.0,12,OK,0,NORMAL
2026-06-02 12:00:00,Compressor-01,Industrial Compressor,39.028,ON,93.09,112.27,53.5,24.86,30.2,12,OK,0,NORMAL
2026-06-02 13:00:00,Compressor-01,Industrial Compressor,38.913,ON,78.51,108.92,59.9,25.69,28.7,12,OK,0,NORMAL
2026-06-02 14:00:00,Compressor-01,Industrial Compressor,34.23,ON,63.95,113.32,65.0,17.35,30.2,12,OK,0,NORMAL
2026-06-02 15:00:00,Compressor-01,Industrial Compressor,36.22,ON,69.62,98.33,76.6,24.83,32.2,12,OK,0,NORMAL
2026-06-02 16:00:00,Compressor-01,Industrial Compressor,37.287,ON,83.65,69.29,84.6,35.14,32.6,12,OK,0,NORMAL
2026-06-02 17:00:00,Compressor-01,Industrial Compressor,36.424,ON,85.28,34.54,85.9,44.28,31.3,12,OK,0,NORMAL
2026-06-02 18:00:00,Compressor-01,Industrial Compressor,38.918,ON,100.0,0.0,82.0,58.38,29.8,12,OK,0,NORMAL
2026-06-02 19:00:00,Compressor-01,Industrial Compressor,39.051,ON,96.76,0.0,82.8,58.58,28.1,12,OK,0,NORMAL
2026-06-02 20:00:00,Compressor-01,Industrial Compressor,7.728,IDLE,0.0,0.0,82.8,11.59,25.0,12,OK,0,NORMAL
2026-06-02 21:00:00,Compressor-01,Industrial Compressor,7.785,IDLE,0.0,0.0,73.3,11.68,24.1,12,OK,0,NORMAL
2026-06-02 22:00:00,Compressor-01,Industrial Compressor,7.724,IDLE,0.0,0.0,68.4,11.59,22.6,12,OK,0,NORMAL
2026-06-02 23:00:00,Compressor-01,Industrial Compressor,7.821,IDLE,0.0,0.0,60.6,11.73,22.8,12,OK,0,NORMAL
2026-06-03 00:00:00,Compressor-01,Industrial Compressor,8.165,IDLE,0.0,0.0,48.1,12.25,20.5,13,OK,0,NORMAL
2026-06-03 01:00:00,Compressor-01,Industrial Compressor,7.598,IDLE,0.0,0.0,40.8,11.4,16.8,13,OK,0,NORMAL
2026-06-03 02:00:00,Compressor-01,Industrial Compressor,7.855,IDLE,0.0,0.0,26.0,11.78,18.6,13,OK,0,NORMAL
2026-06-03 03:00:00,Compressor-01,Industrial Compressor,7.455,IDLE,0.0,0.0,23.2,11.18,17.5,13,OK,0,NORMAL
2026-06-03 04:00:00,Compressor-01,Industrial Compressor,8.22,IDLE,0.0,0.0,20.0,12.33,17.4,13,OK,0,NORMAL
2026-06-03 05:00:00,Compressor-01,Industrial Compressor,7.162,IDLE,0.0,0.0,20.0,10.74,19.7,13,OK,0,NORMAL
2026-06-03 06:00:00,Compressor-01,Industrial Compressor,8.4,IDLE,0.0,0.0,20.0,12.6,21.3,13,OK,0,NORMAL
2026-06-03 07:00:00,Compressor-01,Industrial Compressor,35.715,ON,79.4,27.63,20.0,45.28,22.6,13,OK,0,NORMAL
2026-06-03 08:00:00,Compressor-01,Industrial Compressor,36.692,ON,81.92,65.09,20.0,35.51,22.2,13,OK,0,NORMAL
2026-06-03 09:00:00,Compressor-01,Industrial Compressor,37.682,ON,92.61,75.93,25.5,33.74,24.6,13,OK,0,NORMAL
2026-06-03 10:00:00,Compressor-01,Industrial Compressor,34.708,ON,73.31,96.67,35.4,23.06,27.2,13,OK,0,NORMAL
2026-06-03 11:00:00,Compressor-01,Industrial Compressor,34.166,ON,73.22,127.34,38.1,13.05,29.7,13,OK,0,NORMAL
2026-06-03 12:00:00,Compressor-01,Industrial Compressor,35.822,ON,56.24,127.18,52.3,15.58,29.4,13,OK,0,NORMAL
2026-06-03 13:00:00,Compressor-01,Industrial Compressor,38.686,ON,91.79,132.1,59.1,18.4,30.8,13,OK,0,NORMAL
2026-06-03 14:00:00,Compressor-01,Industrial Compressor,35.847,ON,65.5,110.47,65.5,20.63,30.4,13,OK,0,NORMAL
2026-06-03 15:00:00,Compressor-01,Industrial Compressor,36.037,ON,79.95,87.17,75.7,27.9,30.6,13,OK,0,NORMAL
2026-06-03 16:00:00,Compressor-01,Industrial Compressor,39.877,ON,100.0,50.25,80.7,44.74,32.7,13,OK,0,NORMAL
2026-06-03 17:00:00,Compressor-01,Industrial Compressor,36.929,ON,76.69,29.41,82.6,46.57,32.7,13,OK,0,NORMAL
2026-06-03 18:00:00,Compressor-01,Industrial Compressor,35.44,ON,83.13,0.0,85.1,53.16,29.9,13,OK,0,NORMAL
2026-06-03 19:00:00,Compressor-01,Industrial Compressor,36.184,ON,76.29,0.0,83.0,54.28,29.7,13,OK,0,NORMAL
2026-06-03 20:00:00,Compressor-01,Industrial Compressor,6.999,IDLE,0.0,0.0,80.5,10.5,27.2,13,OK,0,NORMAL
2026-06-03 21:00:00,Compressor-01,Industrial Compressor,7.359,IDLE,0.0,0.0,76.1,11.04,24.2,13,OK,0,NORMAL
2026-06-03 22:00:00,Compressor-01,Industrial Compressor,8.399,IDLE,0.0,0.0,70.7,12.6,23.6,13,OK,0,NORMAL
2026-06-03 23:00:00,Compressor-01,Industrial Compressor,7.82,IDLE,0.0,0.0,56.6,11.73,23.3,13,OK,0,NORMAL
2026-06-04 00:00:00,Compressor-01,Industrial Compressor,7.214,IDLE,0.0,0.0,54.3,10.82,20.0,14,OK,0,NORMAL
2026-06-04 01:00:00,Compressor-01,Industrial Compressor,7.786,IDLE,0.0,0.0,37.0,11.68,20.8,14,OK,0,NORMAL
2026-06-04 02:00:00,Compressor-01,Industrial Compressor,8.2,IDLE,0.0,0.0,32.2,12.3,15.1,14,OK,0,NORMAL
2026-06-04 03:00:00,Compressor-01,Industrial Compressor,7.962,IDLE,0.0,0.0,26.4,11.94,19.0,14,OK,0,NORMAL
2026-06-04 04:00:00,Compressor-01,Industrial Compressor,7.53,IDLE,0.0,0.0,20.3,11.29,18.3,14,OK,0,NORMAL
2026-06-04 05:00:00,Compressor-01,Industrial Compressor,7.177,IDLE,0.0,0.0,20.0,10.76,18.6,14,OK,0,NORMAL
2026-06-04 06:00:00,Compressor-01,Industrial Compressor,7.849,IDLE,0.0,0.0,20.0,11.77,20.2,14,OK,0,NORMAL
2026-06-04 07:00:00,Compressor-01,Industrial Compressor,38.626,ON,85.9,25.15,20.0,50.39,19.1,14,OK,0,NORMAL
2026-06-04 08:00:00,Compressor-01,Industrial Compressor,39.107,ON,89.53,63.49,20.0,39.61,22.9,14,OK,0,NORMAL
2026-06-04 09:00:00,Compressor-01,Industrial Compressor,37.795,ON,71.97,73.89,27.0,34.52,25.4,14,OK,0,NORMAL
2026-06-04 10:00:00,Compressor-01,Industrial Compressor,39.542,ON,82.96,122.23,33.2,22.64,28.6,14,OK,0,NORMAL
2026-06-04 11:00:00,Compressor-01,Industrial Compressor,38.006,ON,69.66,136.96,39.6,15.92,27.9,14,OK,0,NORMAL
2026-06-04 12:00:00,Compressor-01,Industrial Compressor,36.816,ON,82.97,139.91,51.8,13.25,29.0,14,OK,0,NORMAL
2026-06-04 13:00:00,Compressor-01,Industrial Compressor,36.226,ON,72.74,109.89,59.7,21.37,30.5,14,OK,0,NORMAL
2026-06-04 14:00:00,Compressor-01,Industrial Compressor,38.295,ON,86.36,83.78,69.1,32.31,32.9,14,OK,0,NORMAL
2026-06-04 15:00:00,Compressor-01,Industrial Compressor,36.401,ON,71.39,99.39,76.0,24.78,32.4,14,OK,0,NORMAL
2026-06-04 16:00:00,Compressor-01,Industrial Compressor,40.728,ON,100.0,58.28,78.7,43.61,31.1,14,OK,0,NORMAL
2026-06-04 17:00:00,Compressor-01,Industrial Compressor,37.827,ON,86.54,36.86,82.7,45.68,31.7,14,OK,0,NORMAL
2026-06-04 18:00:00,Compressor-01,Industrial Compressor,37.976,ON,81.8,0.0,86.5,56.96,30.1,14,OK,0,NORMAL
2026-06-04 19:00:00,Compressor-01,Industrial Compressor,35.562,ON,64.66,0.0,85.0,53.34,29.7,14,OK,0,NORMAL
2026-06-04 20:00:00,Compressor-01,Industrial Compressor,6.666,IDLE,0.0,0.0,80.3,10.0,26.0,14,OK,0,NORMAL
2026-06-04 21:00:00,Compressor-01,Industrial Compressor,7.7,IDLE,0.0,0.0,75.0,11.55,24.6,14,OK,0,NORMAL
2026-06-04 22:00:00,Compressor-01,Industrial Compressor,7.824,IDLE,0.0,0.0,70.1,11.74,22.7,14,OK,0,NORMAL
2026-06-04 23:00:00,Compressor-01,Industrial Compressor,7.258,IDLE,0.0,0.0,57.9,10.89,19.7,14,OK,0,NORMAL
2026-06-05 00:00:00,Compressor-01,Industrial Compressor,8.287,IDLE,0.0,0.0,51.1,12.43,20.4,15,OK,0,NORMAL
2026-06-05 01:00:00,Compressor-01,Industrial Compressor,6.887,IDLE,0.0,0.0,40.5,10.33,19.3,15,OK,0,NORMAL
2026-06-05 02:00:00,Compressor-01,Industrial Compressor,6.768,IDLE,0.0,0.0,32.1,10.15,18.2,15,OK,0,NORMAL
2026-06-05 03:00:00,Compressor-01,Industrial Compressor,7.612,IDLE,0.0,0.0,27.4,11.42,17.7,15,OK,0,NORMAL
2026-06-05 04:00:00,Compressor-01,Industrial Compressor,8.024,IDLE,0.0,0.0,21.3,12.04,16.5,15,OK,0,NORMAL
2026-06-05 05:00:00,Compressor-01,Industrial Compressor,8.342,IDLE,0.0,0.0,20.0,12.51,18.4,15,OK,0,NORMAL
2026-06-05 06:00:00,Compressor-01,Industrial Compressor,7.271,IDLE,0.0,0.0,20.0,10.91,19.6,15,OK,0,NORMAL
2026-06-05 07:00:00,Compressor-01,Industrial Compressor,57.154,ON,48.09,37.15,20.0,74.59,20.5,15,OK,1,EQUIPMENT_INEFFICIENCY
2026-06-05 08:00:00,Compressor-01,Industrial Compressor,56.019,ON,38.71,51.36,21.1,68.62,23.0,15,OK,1,EQUIPMENT_INEFFICIENCY
2026-06-05 09:00:00,Compressor-01,Industrial Compressor,54.026,ON,44.89,85.47,24.6,55.4,25.5,15,OK,1,EQUIPMENT_INEFFICIENCY
2026-06-05 10:00:00,Compressor-01,Industrial Compressor,59.763,ON,50.0,119.61,33.1,53.76,29.1,15,OK,1,EQUIPMENT_INEFFICIENCY
2026-06-05 11:00:00,Compressor-01,Industrial Compressor,54.392,ON,35.31,127.07,40.7,43.47,28.7,15,OK,1,EQUIPMENT_INEFFICIENCY
2026-06-05 12:00:00,Compressor-01,Industrial Compressor,56.429,ON,43.71,129.46,50.2,45.81,30.3,15,OK,1,EQUIPMENT_INEFFICIENCY
2026-06-05 13:00:00,Compressor-01,Industrial Compressor,52.962,ON,35.87,125.3,60.2,41.85,31.0,15,OK,1,EQUIPMENT_INEFFICIENCY
2026-06-05 14:00:00,Compressor-01,Industrial Compressor,56.741,ON,39.81,98.08,65.9,55.69,29.5,15,OK,1,EQUIPMENT_INEFFICIENCY
2026-06-05 15:00:00,Compressor-01,Industrial Compressor,55.594,ON,44.08,77.85,78.9,60.04,32.0,15,OK,1,EQUIPMENT_INEFFICIENCY
2026-06-05 16:00:00,Compressor-01,Industrial Compressor,52.382,ON,45.79,67.42,78.3,58.35,31.8,15,OK,1,EQUIPMENT_INEFFICIENCY
2026-06-05 17:00:00,Compressor-01,Industrial Compressor,54.776,ON,48.62,34.91,81.4,71.69,34.0,15,OK,1,EQUIPMENT_INEFFICIENCY
2026-06-05 18:00:00,Compressor-01,Industrial Compressor,52.675,ON,37.28,0.0,87.3,79.01,29.7,15,OK,1,EQUIPMENT_INEFFICIENCY
2026-06-05 19:00:00,Compressor-01,Industrial Compressor,54.187,ON,30.29,0.0,85.4,81.28,28.9,15,OK,1,EQUIPMENT_INEFFICIENCY
2026-06-05 20:00:00,Compressor-01,Industrial Compressor,7.266,IDLE,0.0,0.0,81.6,10.9,26.8,15,OK,0,NORMAL
2026-06-05 21:00:00,Compressor-01,Industrial Compressor,7.673,IDLE,0.0,0.0,76.0,11.51,23.6,15,OK,0,NORMAL
2026-06-05 22:00:00,Compressor-01,Industrial Compressor,7.477,IDLE,0.0,0.0,67.5,11.21,24.6,15,OK,0,NORMAL
2026-06-05 23:00:00,Compressor-01,Industrial Compressor,7.739,IDLE,0.0,0.0,57.3,11.61,22.4,15,OK,0,NORMAL
2026-06-01 00:00:00,Pump-01,Fluid Pump,3.538,IDLE,0.0,0.0,51.9,5.31,20.6,11,OK,0,NORMAL
2026-06-01 01:00:00,Pump-01,Fluid Pump,2.859,IDLE,0.0,0.0,42.2,4.29,18.8,11,OK,0,NORMAL
2026-06-01 02:00:00,Pump-01,Fluid Pump,3.998,IDLE,0.0,0.0,31.9,6.0,19.0,11,OK,0,NORMAL
2026-06-01 03:00:00,Pump-01,Fluid Pump,3.253,IDLE,0.0,0.0,26.8,4.88,19.8,11,OK,0,NORMAL
2026-06-01 04:00:00,Pump-01,Fluid Pump,2.722,IDLE,0.0,0.0,20.0,4.08,18.0,11,OK,0,NORMAL
2026-06-01 05:00:00,Pump-01,Fluid Pump,3.286,IDLE,0.0,0.0,20.0,4.93,18.7,11,OK,0,NORMAL
2026-06-01 06:00:00,Pump-01,Fluid Pump,4.25,IDLE,0.0,0.0,20.0,6.38,21.9,11,OK,0,NORMAL
2026-06-01 07:00:00,Pump-01,Fluid Pump,16.248,ON,92.75,35.22,20.0,13.81,22.4,11,OK,0,NORMAL
2026-06-01 08:00:00,Pump-01,Fluid Pump,15.772,ON,74.76,55.7,24.3,6.95,22.6,11,OK,0,NORMAL
2026-06-01 09:00:00,Pump-01,Fluid Pump,17.182,ON,100.0,74.21,21.5,3.51,25.7,11,OK,0,NORMAL
2026-06-01 10:00:00,Pump-01,Fluid Pump,17.451,ON,86.45,84.83,33.9,0.73,26.3,11,OK,0,NORMAL
2026-06-01 11:00:00,Pump-01,Fluid Pump,16.081,ON,83.58,120.13,37.7,0.0,27.9,11,OK,0,NORMAL
2026-06-01 12:00:00,Pump-01,Fluid Pump,16.086,ON,77.05,128.52,49.1,0.0,30.2,11,OK,0,NORMAL
2026-06-01 13:00:00,Pump-01,Fluid Pump,16.952,ON,79.44,93.5,61.2,0.0,28.8,11,OK,0,NORMAL
2026-06-01 14:00:00,Pump-01,Fluid Pump,16.994,ON,80.78,104.43,67.6,0.0,29.7,11,OK,0,NORMAL
2026-06-01 15:00:00,Pump-01,Fluid Pump,16.285,ON,78.79,75.57,72.6,1.76,31.3,11,OK,0,NORMAL
2026-06-01 16:00:00,Pump-01,Fluid Pump,16.317,ON,50.03,63.48,78.9,5.43,30.5,11,OK,0,NORMAL
2026-06-01 17:00:00,Pump-01,Fluid Pump,17.384,ON,85.2,27.01,85.2,17.97,31.4,11,OK,0,NORMAL
2026-06-01 18:00:00,Pump-01,Fluid Pump,17.112,ON,36.56,0.0,83.5,25.67,28.9,11,OK,0,NORMAL
2026-06-01 19:00:00,Pump-01,Fluid Pump,17.29,ON,77.91,0.0,84.2,25.93,26.8,11,OK,0,NORMAL
2026-06-01 20:00:00,Pump-01,Fluid Pump,2.98,IDLE,0.0,0.0,80.4,4.47,28.6,11,OK,0,NORMAL
2026-06-01 21:00:00,Pump-01,Fluid Pump,3.806,IDLE,0.0,0.0,73.4,5.71,24.7,11,OK,0,NORMAL
2026-06-01 22:00:00,Pump-01,Fluid Pump,2.973,IDLE,0.0,0.0,71.8,4.46,23.3,11,OK,0,NORMAL
2026-06-01 23:00:00,Pump-01,Fluid Pump,3.188,IDLE,0.0,0.0,60.3,4.78,19.8,11,OK,0,NORMAL
2026-06-02 00:00:00,Pump-01,Fluid Pump,4.457,IDLE,0.0,0.0,45.9,6.69,19.4,12,OK,0,NORMAL
2026-06-02 01:00:00,Pump-01,Fluid Pump,3.405,IDLE,0.0,0.0,41.3,5.11,19.1,12,OK,0,NORMAL
2026-06-02 02:00:00,Pump-01,Fluid Pump,3.609,IDLE,0.0,0.0,31.2,5.41,16.9,12,OK,0,NORMAL
2026-06-02 03:00:00,Pump-01,Fluid Pump,3.935,IDLE,0.0,0.0,27.0,5.9,18.5,12,OK,0,NORMAL
2026-06-02 04:00:00,Pump-01,Fluid Pump,3.748,IDLE,0.0,0.0,20.0,5.62,17.5,12,OK,0,NORMAL
2026-06-02 05:00:00,Pump-01,Fluid Pump,3.575,IDLE,0.0,0.0,20.0,5.36,18.6,12,OK,0,NORMAL
2026-06-02 06:00:00,Pump-01,Fluid Pump,3.682,IDLE,0.0,0.0,20.0,5.52,19.3,12,OK,0,NORMAL
2026-06-02 07:00:00,Pump-01,Fluid Pump,16.742,ON,100.0,27.85,20.0,16.76,23.7,12,OK,0,NORMAL
2026-06-02 08:00:00,Pump-01,Fluid Pump,17.375,ON,83.02,50.23,20.0,10.99,23.2,12,OK,0,NORMAL
2026-06-02 09:00:00,Pump-01,Fluid Pump,17.891,ON,96.58,98.33,24.6,0.0,23.7,12,OK,0,NORMAL
2026-06-02 10:00:00,Pump-01,Fluid Pump,15.365,ON,89.58,120.57,31.6,0.0,27.8,12,OK,0,NORMAL
2026-06-02 11:00:00,Pump-01,Fluid Pump,15.654,ON,100.0,122.08,39.6,0.0,27.0,12,OK,0,NORMAL
2026-06-02 12:00:00,Pump-01,Fluid Pump,15.613,ON,84.54,112.27,53.5,0.0,30.2,12,OK,0,NORMAL
2026-06-02 13:00:00,Pump-01,Fluid Pump,16.542,ON,79.04,108.92,59.9,0.0,28.7,12,OK,0,NORMAL
2026-06-02 14:00:00,Pump-01,Fluid Pump,16.797,ON,84.82,113.32,65.0,0.0,30.2,12,OK,0,NORMAL
2026-06-02 15:00:00,Pump-01,Fluid Pump,17.254,ON,100.0,98.33,76.6,0.0,32.2,12,OK,0,NORMAL
2026-06-02 16:00:00,Pump-01,Fluid Pump,17.102,ON,76.34,69.29,84.6,4.87,32.6,12,OK,0,NORMAL
2026-06-02 17:00:00,Pump-01,Fluid Pump,15.512,ON,97.84,34.54,85.9,12.91,31.3,12,OK,0,NORMAL
2026-06-02 18:00:00,Pump-01,Fluid Pump,17.192,ON,88.96,0.0,82.0,25.79,29.8,12,OK,0,NORMAL
2026-06-02 19:00:00,Pump-01,Fluid Pump,17.491,ON,75.54,0.0,82.8,26.24,28.1,12,OK,0,NORMAL
2026-06-02 20:00:00,Pump-01,Fluid Pump,3.425,IDLE,0.0,0.0,82.8,5.14,25.0,12,OK,0,NORMAL
2026-06-02 21:00:00,Pump-01,Fluid Pump,3.563,IDLE,0.0,0.0,73.3,5.34,24.1,12,OK,0,NORMAL
2026-06-02 22:00:00,Pump-01,Fluid Pump,3.413,IDLE,0.0,0.0,68.4,5.12,22.6,12,OK,0,NORMAL
2026-06-02 23:00:00,Pump-01,Fluid Pump,3.508,IDLE,0.0,0.0,60.6,5.26,22.8,12,OK,0,NORMAL
2026-06-03 00:00:00,Pump-01,Fluid Pump,2.952,IDLE,0.0,0.0,48.1,4.43,20.5,13,OK,0,NORMAL
2026-06-03 01:00:00,Pump-01,Fluid Pump,2.78,IDLE,0.0,0.0,40.8,4.17,16.8,13,OK,0,NORMAL
2026-06-03 02:00:00,Pump-01,Fluid Pump,4.297,IDLE,0.0,0.0,26.0,6.45,18.6,13,OK,0,NORMAL
2026-06-03 03:00:00,Pump-01,Fluid Pump,3.077,IDLE,0.0,0.0,23.2,4.61,17.5,13,OK,0,NORMAL
2026-06-03 04:00:00,Pump-01,Fluid Pump,3.004,IDLE,0.0,0.0,20.0,4.51,17.4,13,OK,0,NORMAL
2026-06-03 05:00:00,Pump-01,Fluid Pump,2.423,IDLE,0.0,0.0,20.0,3.63,19.7,13,OK,0,NORMAL
2026-06-03 06:00:00,Pump-01,Fluid Pump,3.181,IDLE,0.0,0.0,20.0,4.77,21.3,13,OK,0,NORMAL
2026-06-03 07:00:00,Pump-01,Fluid Pump,17.326,ON,60.15,27.63,20.0,17.7,22.6,13,OK,0,NORMAL
2026-06-03 08:00:00,Pump-01,Fluid Pump,15.976,ON,95.15,65.09,20.0,4.44,22.2,13,OK,0,NORMAL
2026-06-03 09:00:00,Pump-01,Fluid Pump,17.782,ON,100.0,75.93,25.5,3.89,24.6,13,OK,0,NORMAL
2026-06-03 10:00:00,Pump-01,Fluid Pump,13.604,ON,75.13,96.67,35.4,0.0,27.2,13,OK,0,NORMAL
2026-06-03 11:00:00,Pump-01,Fluid Pump,15.41,ON,100.0,127.34,38.1,0.0,29.7,13,OK,0,NORMAL
2026-06-03 12:00:00,Pump-01,Fluid Pump,16.572,ON,55.32,127.18,52.3,0.0,29.4,13,OK,0,NORMAL
2026-06-03 13:00:00,Pump-01,Fluid Pump,18.184,ON,100.0,132.1,59.1,0.0,30.8,13,OK,0,NORMAL
2026-06-03 14:00:00,Pump-01,Fluid Pump,17.072,ON,88.46,110.47,65.5,0.0,30.4,13,OK,0,NORMAL
2026-06-03 15:00:00,Pump-01,Fluid Pump,17.357,ON,92.8,87.17,75.7,0.0,30.6,13,OK,0,NORMAL
2026-06-03 16:00:00,Pump-01,Fluid Pump,16.462,ON,84.22,50.25,80.7,9.62,32.7,13,OK,0,NORMAL
2026-06-03 17:00:00,Pump-01,Fluid Pump,15.46,ON,79.06,29.41,82.6,14.37,32.7,13,OK,0,NORMAL
2026-06-03 18:00:00,Pump-01,Fluid Pump,14.429,ON,75.79,0.0,85.1,21.64,29.9,13,OK,0,NORMAL
2026-06-03 19:00:00,Pump-01,Fluid Pump,15.21,ON,78.52,0.0,83.0,22.82,29.7,13,OK,0,NORMAL
2026-06-03 20:00:00,Pump-01,Fluid Pump,2.948,IDLE,0.0,0.0,80.5,4.42,27.2,13,OK,0,NORMAL
2026-06-03 21:00:00,Pump-01,Fluid Pump,3.59,IDLE,0.0,0.0,76.1,5.38,24.2,13,OK,0,NORMAL
2026-06-03 22:00:00,Pump-01,Fluid Pump,4.196,IDLE,0.0,0.0,70.7,6.29,23.6,13,OK,0,NORMAL
2026-06-03 23:00:00,Pump-01,Fluid Pump,3.959,IDLE,0.0,0.0,56.6,5.94,23.3,13,OK,0,NORMAL
2026-06-04 00:00:00,Pump-01,Fluid Pump,2.715,IDLE,0.0,0.0,54.3,4.07,20.0,14,OK,0,NORMAL
2026-06-04 01:00:00,Pump-01,Fluid Pump,3.005,IDLE,0.0,0.0,37.0,4.51,20.8,14,OK,0,NORMAL
2026-06-04 02:00:00,Pump-01,Fluid Pump,3.97,IDLE,0.0,0.0,32.2,5.96,15.1,14,OK,0,NORMAL
2026-06-04 03:00:00,Pump-01,Fluid Pump,3.009,IDLE,0.0,0.0,26.4,4.51,19.0,14,OK,0,NORMAL
2026-06-04 04:00:00,Pump-01,Fluid Pump,3.388,IDLE,0.0,0.0,20.3,5.08,18.3,14,OK,0,NORMAL
2026-06-04 05:00:00,Pump-01,Fluid Pump,3.775,IDLE,0.0,0.0,20.0,5.66,18.6,14,OK,0,NORMAL
2026-06-04 06:00:00,Pump-01,Fluid Pump,3.016,IDLE,0.0,0.0,20.0,4.52,20.2,14,OK,0,NORMAL
2026-06-04 07:00:00,Pump-01,Fluid Pump,14.95,ON,81.58,25.15,20.0,14.88,19.1,14,OK,0,NORMAL
2026-06-04 08:00:00,Pump-01,Fluid Pump,16.307,ON,70.98,63.49,20.0,5.41,22.9,14,OK,0,NORMAL
2026-06-04 09:00:00,Pump-01,Fluid Pump,16.011,ON,56.11,73.89,27.0,1.85,25.4,14,OK,0,NORMAL
2026-06-04 10:00:00,Pump-01,Fluid Pump,16.784,ON,79.71,122.23,33.2,0.0,28.6,14,OK,0,NORMAL
2026-06-04 11:00:00,Pump-01,Fluid Pump,17.698,ON,83.36,136.96,39.6,0.0,27.9,14,OK,0,NORMAL
2026-06-04 12:00:00,Pump-01,Fluid Pump,15.863,ON,81.88,139.91,51.8,0.0,29.0,14,OK,0,NORMAL
2026-06-04 13:00:00,Pump-01,Fluid Pump,16.835,ON,81.83,109.89,59.7,0.0,30.5,14,OK,0,NORMAL
2026-06-04 14:00:00,Pump-01,Fluid Pump,16.301,ON,80.73,83.78,69.1,0.0,32.9,14,OK,0,NORMAL
2026-06-04 15:00:00,Pump-01,Fluid Pump,15.282,ON,69.47,99.39,76.0,0.0,32.4,14,OK,0,NORMAL
2026-06-04 16:00:00,Pump-01,Fluid Pump,17.4,ON,58.96,58.28,78.7,8.62,31.1,14,OK,0,NORMAL
2026-06-04 17:00:00,Pump-01,Fluid Pump,15.025,ON,61.34,36.86,82.7,11.48,31.7,14,OK,0,NORMAL
2026-06-04 18:00:00,Pump-01,Fluid Pump,16.833,ON,69.22,0.0,86.5,25.25,30.1,14,OK,0,NORMAL
2026-06-04 19:00:00,Pump-01,Fluid Pump,17.364,ON,75.58,0.0,85.0,26.05,29.7,14,OK,0,NORMAL
2026-06-04 20:00:00,Pump-01,Fluid Pump,3.163,IDLE,0.0,0.0,80.3,4.74,26.0,14,OK,0,NORMAL
2026-06-04 21:00:00,Pump-01,Fluid Pump,3.639,IDLE,0.0,0.0,75.0,5.46,24.6,14,OK,0,NORMAL
2026-06-04 22:00:00,Pump-01,Fluid Pump,3.082,IDLE,0.0,0.0,70.1,4.62,22.7,14,OK,0,NORMAL
2026-06-04 23:00:00,Pump-01,Fluid Pump,4.573,IDLE,0.0,0.0,57.9,6.86,19.7,14,OK,0,NORMAL
2026-06-05 00:00:00,Pump-01,Fluid Pump,2.906,IDLE,0.0,0.0,51.1,4.36,20.4,15,OK,0,NORMAL
2026-06-05 01:00:00,Pump-01,Fluid Pump,3.655,IDLE,0.0,0.0,40.5,5.48,19.3,15,OK,0,NORMAL
2026-06-05 02:00:00,Pump-01,Fluid Pump,3.817,IDLE,0.0,0.0,32.1,5.73,18.2,15,OK,0,NORMAL
2026-06-05 03:00:00,Pump-01,Fluid Pump,3.707,IDLE,0.0,0.0,27.4,5.56,17.7,15,OK,0,NORMAL
2026-06-05 04:00:00,Pump-01,Fluid Pump,3.407,IDLE,0.0,0.0,21.3,5.11,16.5,15,OK,0,NORMAL
2026-06-05 05:00:00,Pump-01,Fluid Pump,3.435,IDLE,0.0,0.0,20.0,5.15,18.4,15,OK,0,NORMAL
2026-06-05 06:00:00,Pump-01,Fluid Pump,3.522,IDLE,0.0,0.0,20.0,5.28,19.6,15,OK,0,NORMAL
2026-06-05 07:00:00,Pump-01,Fluid Pump,17.142,ON,77.79,37.15,20.0,14.57,20.5,15,OK,0,NORMAL
2026-06-05 08:00:00,Pump-01,Fluid Pump,16.243,ON,100.0,51.36,21.1,8.96,23.0,15,OK,0,NORMAL
2026-06-05 09:00:00,Pump-01,Fluid Pump,15.576,ON,59.45,85.47,24.6,0.0,25.5,15,OK,0,NORMAL
2026-06-05 10:00:00,Pump-01,Fluid Pump,15.996,ON,100.0,119.61,33.1,0.0,29.1,15,OK,0,NORMAL
2026-06-05 11:00:00,Pump-01,Fluid Pump,18.478,ON,100.0,127.07,40.7,0.0,28.7,15,OK,0,NORMAL
2026-06-05 12:00:00,Pump-01,Fluid Pump,16.576,ON,71.7,129.46,50.2,0.0,30.3,15,OK,0,NORMAL
2026-06-05 13:00:00,Pump-01,Fluid Pump,16.421,ON,100.0,125.3,60.2,0.0,31.0,15,OK,0,NORMAL
2026-06-05 14:00:00,Pump-01,Fluid Pump,15.573,ON,76.95,98.08,65.9,0.0,29.5,15,OK,0,NORMAL
2026-06-05 15:00:00,Pump-01,Fluid Pump,15.165,ON,64.78,77.85,78.9,0.0,32.0,15,OK,0,NORMAL
2026-06-05 16:00:00,Pump-01,Fluid Pump,15.76,ON,61.64,67.42,78.3,3.41,31.8,15,OK,0,NORMAL
2026-06-05 17:00:00,Pump-01,Fluid Pump,16.15,ON,68.45,34.91,81.4,13.75,34.0,15,OK,0,NORMAL
2026-06-05 18:00:00,Pump-01,Fluid Pump,15.917,ON,56.66,0.0,87.3,23.88,29.7,15,OK,0,NORMAL
2026-06-05 19:00:00,Pump-01,Fluid Pump,14.596,ON,92.5,0.0,85.4,21.89,28.9,15,OK,0,NORMAL
2026-06-05 20:00:00,Pump-01,Fluid Pump,3.687,IDLE,0.0,0.0,81.6,5.53,26.8,15,OK,0,NORMAL
2026-06-05 21:00:00,Pump-01,Fluid Pump,4.114,IDLE,0.0,0.0,76.0,6.17,23.6,15,OK,0,NORMAL
2026-06-05 22:00:00,Pump-01,Fluid Pump,2.895,IDLE,0.0,0.0,67.5,4.34,24.6,15,OK,0,NORMAL
2026-06-05 23:00:00,Pump-01,Fluid Pump,4.336,IDLE,0.0,0.0,57.3,6.5,22.4,15,OK,0,NORMAL
2026-06-01 00:00:00,Production-Line-01,Assembly Line,16.46,IDLE,10.0,0.0,51.9,24.69,20.6,11,OK,0,NORMAL
2026-06-01 01:00:00,Production-Line-01,Assembly Line,15.897,IDLE,10.0,0.0,42.2,23.85,18.8,11,OK,0,NORMAL
2026-06-01 02:00:00,Production-Line-01,Assembly Line,16.222,IDLE,10.0,0.0,31.9,24.33,19.0,11,OK,0,NORMAL
2026-06-01 03:00:00,Production-Line-01,Assembly Line,16.529,IDLE,10.0,0.0,26.8,24.79,19.8,11,OK,0,NORMAL
2026-06-01 04:00:00,Production-Line-01,Assembly Line,16.288,IDLE,10.0,0.0,20.0,24.43,18.0,11,OK,0,NORMAL
2026-06-01 05:00:00,Production-Line-01,Assembly Line,16.519,IDLE,10.0,0.0,20.0,24.78,18.7,11,OK,0,NORMAL
2026-06-01 06:00:00,Production-Line-01,Assembly Line,15.79,IDLE,10.0,0.0,20.0,23.68,21.9,11,OK,0,NORMAL
2026-06-01 07:00:00,Production-Line-01,Assembly Line,95.777,ON,82.54,35.22,20.0,133.1,22.4,11,OK,0,NORMAL
2026-06-01 08:00:00,Production-Line-01,Assembly Line,94.645,ON,78.33,55.7,24.3,125.26,22.6,11,OK,0,NORMAL
2026-06-01 09:00:00,Production-Line-01,Assembly Line,93.133,ON,68.97,74.21,21.5,117.44,25.7,11,OK,0,NORMAL
2026-06-01 10:00:00,Production-Line-01,Assembly Line,103.193,ON,96.37,84.83,33.9,129.34,26.3,11,OK,0,NORMAL
2026-06-01 11:00:00,Production-Line-01,Assembly Line,89.494,ON,63.62,120.13,37.7,98.2,27.9,11,OK,0,NORMAL
2026-06-01 12:00:00,Production-Line-01,Assembly Line,103.438,ON,98.2,128.52,49.1,116.6,30.2,11,OK,0,NORMAL
2026-06-01 13:00:00,Production-Line-01,Assembly Line,104.393,ON,100.0,93.5,61.2,128.54,28.8,11,OK,0,NORMAL
2026-06-01 14:00:00,Production-Line-01,Assembly Line,97.014,ON,82.88,104.43,67.6,114.19,29.7,11,OK,0,NORMAL
2026-06-01 15:00:00,Production-Line-01,Assembly Line,96.829,ON,82.0,75.57,72.6,122.57,31.3,11,OK,0,NORMAL
2026-06-01 16:00:00,Production-Line-01,Assembly Line,101.299,ON,90.62,63.48,78.9,132.9,30.5,11,OK,0,NORMAL
2026-06-01 17:00:00,Production-Line-01,Assembly Line,90.271,ON,68.21,27.01,85.2,127.3,31.4,11,OK,0,NORMAL
2026-06-01 18:00:00,Production-Line-01,Assembly Line,85.966,ON,52.46,0.0,83.5,128.95,28.9,11,OK,0,NORMAL
2026-06-01 19:00:00,Production-Line-01,Assembly Line,87.592,ON,63.45,0.0,84.2,131.39,26.8,11,OK,0,NORMAL
2026-06-01 20:00:00,Production-Line-01,Assembly Line,16.444,IDLE,10.0,0.0,80.4,24.67,28.6,11,OK,0,NORMAL
2026-06-01 21:00:00,Production-Line-01,Assembly Line,17.496,IDLE,10.0,0.0,73.4,26.24,24.7,11,OK,0,NORMAL
2026-06-01 22:00:00,Production-Line-01,Assembly Line,16.247,IDLE,10.0,0.0,71.8,24.37,23.3,11,OK,0,NORMAL
2026-06-01 23:00:00,Production-Line-01,Assembly Line,16.669,IDLE,10.0,0.0,60.3,25.0,19.8,11,OK,0,NORMAL
2026-06-02 00:00:00,Production-Line-01,Assembly Line,16.291,IDLE,10.0,0.0,45.9,24.44,19.4,12,OK,0,NORMAL
2026-06-02 01:00:00,Production-Line-01,Assembly Line,16.201,IDLE,10.0,0.0,41.3,24.3,19.1,12,OK,0,NORMAL
2026-06-02 02:00:00,Production-Line-01,Assembly Line,16.71,IDLE,10.0,0.0,31.2,25.06,16.9,12,OK,0,NORMAL
2026-06-02 03:00:00,Production-Line-01,Assembly Line,16.105,IDLE,10.0,0.0,27.0,24.16,18.5,12,OK,0,NORMAL
2026-06-02 04:00:00,Production-Line-01,Assembly Line,16.384,IDLE,10.0,0.0,20.0,24.58,17.5,12,OK,0,NORMAL
2026-06-02 05:00:00,Production-Line-01,Assembly Line,16.411,IDLE,10.0,0.0,20.0,24.62,18.6,12,OK,0,NORMAL
2026-06-02 06:00:00,Production-Line-01,Assembly Line,15.916,IDLE,10.0,0.0,20.0,23.87,19.3,12,OK,0,NORMAL
2026-06-02 07:00:00,Production-Line-01,Assembly Line,101.828,ON,94.88,27.85,20.0,144.39,23.7,12,OK,0,NORMAL
2026-06-02 08:00:00,Production-Line-01,Assembly Line,92.315,ON,68.66,50.23,20.0,123.4,23.2,12,OK,0,NORMAL
2026-06-02 09:00:00,Production-Line-01,Assembly Line,90.972,ON,66.52,98.33,24.6,106.96,23.7,12,OK,0,NORMAL
2026-06-02 10:00:00,Production-Line-01,Assembly Line,97.233,ON,79.86,120.57,31.6,109.68,27.8,12,OK,0,NORMAL
2026-06-02 11:00:00,Production-Line-01,Assembly Line,98.952,ON,87.12,122.08,39.6,111.8,27.0,12,OK,0,NORMAL
2026-06-02 12:00:00,Production-Line-01,Assembly Line,102.374,ON,92.27,112.27,53.5,119.88,30.2,12,OK,0,NORMAL
2026-06-02 13:00:00,Production-Line-01,Assembly Line,99.474,ON,88.37,108.92,59.9,116.53,28.7,12,OK,0,NORMAL
2026-06-02 14:00:00,Production-Line-01,Assembly Line,87.461,ON,60.32,113.32,65.0,97.2,30.2,12,OK,0,NORMAL
2026-06-02 15:00:00,Production-Line-01,Assembly Line,93.805,ON,75.42,98.33,76.6,111.21,32.2,12,OK,0,NORMAL
2026-06-02 16:00:00,Production-Line-01,Assembly Line,95.163,ON,77.2,69.29,84.6,121.96,32.6,12,OK,0,NORMAL
2026-06-02 17:00:00,Production-Line-01,Assembly Line,99.228,ON,87.95,34.54,85.9,138.48,31.3,12,OK,0,NORMAL
2026-06-02 18:00:00,Production-Line-01,Assembly Line,99.111,ON,87.3,0.0,82.0,148.67,29.8,12,OK,0,NORMAL
2026-06-02 19:00:00,Production-Line-01,Assembly Line,83.704,ON,50.37,0.0,82.8,125.56,28.1,12,OK,0,NORMAL
2026-06-02 20:00:00,Production-Line-01,Assembly Line,16.178,IDLE,10.0,0.0,82.8,24.27,25.0,12,OK,0,NORMAL
2026-06-02 21:00:00,Production-Line-01,Assembly Line,15.645,IDLE,10.0,0.0,73.3,23.47,24.1,12,OK,0,NORMAL
2026-06-02 22:00:00,Production-Line-01,Assembly Line,16.55,IDLE,10.0,0.0,68.4,24.82,22.6,12,OK,0,NORMAL
2026-06-02 23:00:00,Production-Line-01,Assembly Line,17.015,IDLE,10.0,0.0,60.6,25.52,22.8,12,OK,0,NORMAL
2026-06-03 00:00:00,Production-Line-01,Assembly Line,16.859,IDLE,10.0,0.0,48.1,25.29,20.5,13,OK,0,NORMAL
2026-06-03 01:00:00,Production-Line-01,Assembly Line,16.143,IDLE,10.0,0.0,40.8,24.21,16.8,13,OK,0,NORMAL
2026-06-03 02:00:00,Production-Line-01,Assembly Line,16.995,IDLE,10.0,0.0,26.0,25.49,18.6,13,OK,0,NORMAL
2026-06-03 03:00:00,Production-Line-01,Assembly Line,16.324,IDLE,10.0,0.0,23.2,24.49,17.5,13,OK,0,NORMAL
2026-06-03 04:00:00,Production-Line-01,Assembly Line,16.081,IDLE,10.0,0.0,20.0,24.12,17.4,13,OK,0,NORMAL
2026-06-03 05:00:00,Production-Line-01,Assembly Line,15.943,IDLE,10.0,0.0,20.0,23.91,19.7,13,OK,0,NORMAL
2026-06-03 06:00:00,Production-Line-01,Assembly Line,16.099,IDLE,10.0,0.0,20.0,24.15,21.3,13,OK,0,NORMAL
2026-06-03 07:00:00,Production-Line-01,Assembly Line,94.1,ON,74.18,27.63,20.0,132.86,22.6,13,OK,0,NORMAL
2026-06-03 08:00:00,Production-Line-01,Assembly Line,97.142,ON,82.41,65.09,20.0,126.19,22.2,13,OK,0,NORMAL
2026-06-03 09:00:00,Production-Line-01,Assembly Line,99.947,ON,86.55,75.93,25.5,127.14,24.6,13,OK,0,NORMAL
2026-06-03 10:00:00,Production-Line-01,Assembly Line,175.472,ON,94.24,96.67,35.4,234.21,27.2,13,OK,1,ELECTRICAL_SPIKE
2026-06-03 11:00:00,Production-Line-01,Assembly Line,143.839,ON,41.69,127.34,38.1,177.56,29.7,13,OK,1,ELECTRICAL_SPIKE
2026-06-03 12:00:00,Production-Line-01,Assembly Line,153.963,ON,59.5,127.18,52.3,192.79,29.4,13,OK,1,ELECTRICAL_SPIKE
2026-06-03 13:00:00,Production-Line-01,Assembly Line,153.218,ON,62.45,132.1,59.1,190.2,30.8,13,OK,1,ELECTRICAL_SPIKE
2026-06-03 14:00:00,Production-Line-01,Assembly Line,175.222,ON,88.12,110.47,65.5,229.69,30.4,13,OK,1,ELECTRICAL_SPIKE
2026-06-03 15:00:00,Production-Line-01,Assembly Line,90.236,ON,71.35,87.17,75.7,109.2,30.6,13,OK,0,NORMAL
2026-06-03 16:00:00,Production-Line-01,Assembly Line,93.396,ON,71.81,50.25,80.7,125.02,32.7,13,OK,0,NORMAL
2026-06-03 17:00:00,Production-Line-01,Assembly Line,87.732,ON,57.82,29.41,82.6,122.77,32.7,13,OK,0,NORMAL
2026-06-03 18:00:00,Production-Line-01,Assembly Line,96.69,ON,79.77,0.0,85.1,145.03,29.9,13,OK,0,NORMAL
2026-06-03 19:00:00,Production-Line-01,Assembly Line,95.926,ON,81.79,0.0,83.0,143.89,29.7,13,OK,0,NORMAL
2026-06-03 20:00:00,Production-Line-01,Assembly Line,16.848,IDLE,10.0,0.0,80.5,25.27,27.2,13,OK,0,NORMAL
2026-06-03 21:00:00,Production-Line-01,Assembly Line,16.171,IDLE,10.0,0.0,76.1,24.26,24.2,13,OK,0,NORMAL
2026-06-03 22:00:00,Production-Line-01,Assembly Line,16.236,IDLE,10.0,0.0,70.7,24.35,23.6,13,OK,0,NORMAL
2026-06-03 23:00:00,Production-Line-01,Assembly Line,15.783,IDLE,10.0,0.0,56.6,23.68,23.3,13,OK,0,NORMAL
2026-06-04 00:00:00,Production-Line-01,Assembly Line,16.028,IDLE,10.0,0.0,54.3,24.04,20.0,14,OK,0,NORMAL
2026-06-04 01:00:00,Production-Line-01,Assembly Line,15.808,IDLE,10.0,0.0,37.0,23.71,20.8,14,OK,0,NORMAL
2026-06-04 02:00:00,Production-Line-01,Assembly Line,16.164,IDLE,10.0,0.0,32.2,24.25,15.1,14,OK,0,NORMAL
2026-06-04 03:00:00,Production-Line-01,Assembly Line,17.106,IDLE,10.0,0.0,26.4,25.66,19.0,14,OK,0,NORMAL
2026-06-04 04:00:00,Production-Line-01,Assembly Line,15.564,IDLE,10.0,0.0,20.3,23.35,18.3,14,OK,0,NORMAL
2026-06-04 05:00:00,Production-Line-01,Assembly Line,15.443,IDLE,10.0,0.0,20.0,23.16,18.6,14,OK,0,NORMAL
2026-06-04 06:00:00,Production-Line-01,Assembly Line,16.986,IDLE,10.0,0.0,20.0,25.48,20.2,14,OK,0,NORMAL
2026-06-04 07:00:00,Production-Line-01,Assembly Line,94.306,ON,76.86,25.15,20.0,133.91,19.1,14,OK,0,NORMAL
2026-06-04 08:00:00,Production-Line-01,Assembly Line,101.678,ON,95.6,63.49,20.0,133.47,22.9,14,OK,0,NORMAL
2026-06-04 09:00:00,Production-Line-01,Assembly Line,104.678,ON,100.0,73.89,27.0,134.85,25.4,14,OK,0,NORMAL
2026-06-04 10:00:00,Production-Line-01,Assembly Line,95.503,ON,72.68,122.23,33.2,106.58,28.6,14,OK,0,NORMAL
2026-06-04 11:00:00,Production-Line-01,Assembly Line,93.399,ON,70.91,136.96,39.6,99.01,27.9,14,OK,0,NORMAL
2026-06-04 12:00:00,Production-Line-01,Assembly Line,99.253,ON,84.49,139.91,51.8,106.9,29.0,14,OK,0,NORMAL
2026-06-04 13:00:00,Production-Line-01,Assembly Line,104.032,ON,100.0,109.89,59.7,123.08,30.5,14,OK,0,NORMAL
2026-06-04 14:00:00,Production-Line-01,Assembly Line,92.252,ON,68.7,83.78,69.1,113.24,32.9,14,OK,0,NORMAL
2026-06-04 15:00:00,Production-Line-01,Assembly Line,94.249,ON,69.83,99.39,76.0,111.56,32.4,14,OK,0,NORMAL
2026-06-04 16:00:00,Production-Line-01,Assembly Line,96.633,ON,82.05,58.28,78.7,127.47,31.1,14,OK,0,NORMAL
2026-06-04 17:00:00,Production-Line-01,Assembly Line,95.933,ON,82.77,36.86,82.7,132.84,31.7,14,OK,0,NORMAL
2026-06-04 18:00:00,Production-Line-01,Assembly Line,91.716,ON,65.43,0.0,86.5,137.57,30.1,14,OK,0,NORMAL
2026-06-04 19:00:00,Production-Line-01,Assembly Line,91.31,ON,70.15,0.0,85.0,136.97,29.7,14,OK,0,NORMAL
2026-06-04 20:00:00,Production-Line-01,Assembly Line,16.518,IDLE,10.0,0.0,80.3,24.78,26.0,14,OK,0,NORMAL
2026-06-04 21:00:00,Production-Line-01,Assembly Line,16.843,IDLE,10.0,0.0,75.0,25.26,24.6,14,OK,0,NORMAL
2026-06-04 22:00:00,Production-Line-01,Assembly Line,16.609,IDLE,10.0,0.0,70.1,24.91,22.7,14,OK,0,NORMAL
2026-06-04 23:00:00,Production-Line-01,Assembly Line,16.748,IDLE,10.0,0.0,57.9,25.12,19.7,14,OK,0,NORMAL
2026-06-05 00:00:00,Production-Line-01,Assembly Line,15.872,IDLE,10.0,0.0,51.1,23.81,20.4,15,OK,0,NORMAL
2026-06-05 01:00:00,Production-Line-01,Assembly Line,15.539,IDLE,10.0,0.0,40.5,23.31,19.3,15,OK,0,NORMAL
2026-06-05 02:00:00,Production-Line-01,Assembly Line,17.001,IDLE,10.0,0.0,32.1,25.5,18.2,15,OK,0,NORMAL
2026-06-05 03:00:00,Production-Line-01,Assembly Line,16.089,IDLE,10.0,0.0,27.4,24.13,17.7,15,OK,0,NORMAL
2026-06-05 04:00:00,Production-Line-01,Assembly Line,16.125,IDLE,10.0,0.0,21.3,24.19,16.5,15,OK,0,NORMAL
2026-06-05 05:00:00,Production-Line-01,Assembly Line,16.914,IDLE,10.0,0.0,20.0,25.37,18.4,15,OK,0,NORMAL
2026-06-05 06:00:00,Production-Line-01,Assembly Line,16.528,IDLE,10.0,0.0,20.0,24.79,19.6,15,OK,0,NORMAL
2026-06-05 07:00:00,Production-Line-01,Assembly Line,101.032,ON,86.84,37.15,20.0,140.4,20.5,15,OK,0,NORMAL
2026-06-05 08:00:00,Production-Line-01,Assembly Line,93.363,ON,70.35,51.36,21.1,124.64,23.0,15,OK,0,NORMAL
2026-06-05 09:00:00,Production-Line-01,Assembly Line,96.802,ON,80.86,85.47,24.6,119.56,25.5,15,OK,0,NORMAL
2026-06-05 10:00:00,Production-Line-01,Assembly Line,104.508,ON,100.0,119.61,33.1,120.88,29.1,15,OK,0,NORMAL
2026-06-05 11:00:00,Production-Line-01,Assembly Line,100.422,ON,88.07,127.07,40.7,112.51,28.7,15,OK,0,NORMAL
2026-06-05 12:00:00,Production-Line-01,Assembly Line,93.226,ON,74.53,129.46,50.2,101.0,30.3,15,OK,0,NORMAL
2026-06-05 13:00:00,Production-Line-01,Assembly Line,88.122,ON,64.33,125.3,60.2,94.59,31.0,15,OK,0,NORMAL
2026-06-05 14:00:00,Production-Line-01,Assembly Line,102.897,ON,100.0,98.08,65.9,124.92,29.5,15,OK,0,NORMAL
2026-06-05 15:00:00,Production-Line-01,Assembly Line,94.629,ON,76.68,77.85,78.9,118.59,32.0,15,OK,0,NORMAL
2026-06-05 16:00:00,Production-Line-01,Assembly Line,98.814,ON,84.61,67.42,78.3,127.99,31.8,15,OK,0,NORMAL
2026-06-05 17:00:00,Production-Line-01,Assembly Line,100.651,ON,92.91,34.91,81.4,140.5,34.0,15,OK,0,NORMAL
2026-06-05 18:00:00,Production-Line-01,Assembly Line,95.505,ON,77.49,0.0,87.3,143.26,29.7,15,OK,0,NORMAL
2026-06-05 19:00:00,Production-Line-01,Assembly Line,96.353,ON,76.27,0.0,85.4,144.53,28.9,15,OK,0,NORMAL
2026-06-05 20:00:00,Production-Line-01,Assembly Line,16.495,IDLE,10.0,0.0,81.6,24.74,26.8,15,OK,0,NORMAL
2026-06-05 21:00:00,Production-Line-01,Assembly Line,16.617,IDLE,10.0,0.0,76.0,24.93,23.6,15,OK,0,NORMAL
2026-06-05 22:00:00,Production-Line-01,Assembly Line,16.581,IDLE,10.0,0.0,67.5,24.87,24.6,15,OK,0,NORMAL
2026-06-05 23:00:00,Production-Line-01,Assembly Line,16.837,IDLE,10.0,0.0,57.3,25.26,22.4,15,OK,0,NORMAL
2026-06-01 00:00:00,Cooling-Unit-01,Chiller,6.341,IDLE,0.0,0.0,51.9,9.51,20.6,11,OK,0,NORMAL
2026-06-01 01:00:00,Cooling-Unit-01,Chiller,5.602,IDLE,0.0,0.0,42.2,8.4,18.8,11,OK,0,NORMAL
2026-06-01 02:00:00,Cooling-Unit-01,Chiller,6.45,IDLE,0.0,0.0,31.9,9.67,19.0,11,OK,0,NORMAL
2026-06-01 03:00:00,Cooling-Unit-01,Chiller,5.924,IDLE,0.0,0.0,26.8,8.89,19.8,11,OK,0,NORMAL
2026-06-01 04:00:00,Cooling-Unit-01,Chiller,5.986,IDLE,0.0,0.0,20.0,8.98,18.0,11,OK,0,NORMAL
2026-06-01 05:00:00,Cooling-Unit-01,Chiller,6.543,IDLE,0.0,0.0,20.0,9.81,18.7,11,OK,0,NORMAL
2026-06-01 06:00:00,Cooling-Unit-01,Chiller,6.869,IDLE,0.0,0.0,20.0,10.3,21.9,11,OK,0,NORMAL
2026-06-01 07:00:00,Cooling-Unit-01,Chiller,25.688,ON,80.32,35.22,20.0,27.96,22.4,11,OK,0,NORMAL
2026-06-01 08:00:00,Cooling-Unit-01,Chiller,25.803,ON,100.0,55.7,24.3,22.0,22.6,11,OK,0,NORMAL
2026-06-01 09:00:00,Cooling-Unit-01,Chiller,28.851,ON,100.0,74.21,21.5,21.01,25.7,11,OK,0,NORMAL
2026-06-01 10:00:00,Cooling-Unit-01,Chiller,29.583,ON,53.59,84.83,33.9,18.93,26.3,11,OK,0,NORMAL
2026-06-01 11:00:00,Cooling-Unit-01,Chiller,31.637,ON,85.72,120.13,37.7,11.42,27.9,11,OK,0,NORMAL
2026-06-01 12:00:00,Cooling-Unit-01,Chiller,32.278,ON,90.1,128.52,49.1,9.86,30.2,11,OK,0,NORMAL
2026-06-01 13:00:00,Cooling-Unit-01,Chiller,30.881,ON,61.64,93.5,61.2,18.27,28.8,11,OK,0,NORMAL
2026-06-01 14:00:00,Cooling-Unit-01,Chiller,31.342,ON,67.24,104.43,67.6,15.69,29.7,11,OK,0,NORMAL
2026-06-01 15:00:00,Cooling-Unit-01,Chiller,35.063,ON,88.83,75.57,72.6,29.92,31.3,11,OK,0,NORMAL
2026-06-01 16:00:00,Cooling-Unit-01,Chiller,31.496,ON,85.92,63.48,78.9,28.2,30.5,11,OK,0,NORMAL
2026-06-01 17:00:00,Cooling-Unit-01,Chiller,34.692,ON,86.67,27.01,85.2,43.93,31.4,11,OK,0,NORMAL
2026-06-01 18:00:00,Cooling-Unit-01,Chiller,31.04,ON,70.85,0.0,83.5,46.56,28.9,11,OK,0,NORMAL
2026-06-01 19:00:00,Cooling-Unit-01,Chiller,28.54,ON,80.22,0.0,84.2,42.81,26.8,11,OK,0,NORMAL
2026-06-01 20:00:00,Cooling-Unit-01,Chiller,6.574,IDLE,0.0,0.0,80.4,9.86,28.6,11,OK,0,NORMAL
2026-06-01 21:00:00,Cooling-Unit-01,Chiller,6.19,IDLE,0.0,0.0,73.4,9.28,24.7,11,OK,0,NORMAL
2026-06-01 22:00:00,Cooling-Unit-01,Chiller,6.46,IDLE,0.0,0.0,71.8,9.69,23.3,11,OK,0,NORMAL
2026-06-01 23:00:00,Cooling-Unit-01,Chiller,5.806,IDLE,0.0,0.0,60.3,8.71,19.8,11,OK,0,NORMAL
2026-06-02 00:00:00,Cooling-Unit-01,Chiller,6.031,IDLE,0.0,0.0,45.9,9.05,19.4,12,OK,0,NORMAL
2026-06-02 01:00:00,Cooling-Unit-01,Chiller,6.611,IDLE,0.0,0.0,41.3,9.92,19.1,12,OK,0,NORMAL
2026-06-02 02:00:00,Cooling-Unit-01,Chiller,6.064,IDLE,0.0,0.0,31.2,9.1,16.9,12,OK,0,NORMAL
2026-06-02 03:00:00,Cooling-Unit-01,Chiller,7.113,IDLE,0.0,0.0,27.0,10.67,18.5,12,OK,0,NORMAL
2026-06-02 04:00:00,Cooling-Unit-01,Chiller,6.05,IDLE,0.0,0.0,20.0,9.08,17.5,12,OK,0,NORMAL
2026-06-02 05:00:00,Cooling-Unit-01,Chiller,6.362,IDLE,0.0,0.0,20.0,9.54,18.6,12,OK,0,NORMAL
2026-06-02 06:00:00,Cooling-Unit-01,Chiller,6.716,IDLE,0.0,0.0,20.0,10.07,19.3,12,OK,0,NORMAL
2026-06-02 07:00:00,Cooling-Unit-01,Chiller,24.79,ON,58.72,27.85,20.0,28.83,23.7,12,OK,0,NORMAL
2026-06-02 08:00:00,Cooling-Unit-01,Chiller,27.317,ON,57.12,50.23,20.0,25.91,23.2,12,OK,0,NORMAL
2026-06-02 09:00:00,Cooling-Unit-01,Chiller,29.116,ON,71.72,98.33,24.6,14.17,23.7,12,OK,0,NORMAL
2026-06-02 10:00:00,Cooling-Unit-01,Chiller,30.403,ON,71.54,120.57,31.6,9.43,27.8,12,OK,0,NORMAL
2026-06-02 11:00:00,Cooling-Unit-01,Chiller,31.538,ON,100.0,122.08,39.6,10.68,27.0,12,OK,0,NORMAL
2026-06-02 12:00:00,Cooling-Unit-01,Chiller,33.589,ON,100.0,112.27,53.5,16.7,30.2,12,OK,0,NORMAL
2026-06-02 13:00:00,Cooling-Unit-01,Chiller,31.632,ON,95.36,108.92,59.9,14.77,28.7,12,OK,0,NORMAL
2026-06-02 14:00:00,Cooling-Unit-01,Chiller,31.8,ON,91.68,113.32,65.0,13.7,30.2,12,OK,0,NORMAL
2026-06-02 15:00:00,Cooling-Unit-01,Chiller,34.209,ON,67.73,98.33,76.6,21.81,32.2,12,OK,0,NORMAL
2026-06-02 16:00:00,Cooling-Unit-01,Chiller,34.13,ON,77.45,69.29,84.6,30.41,32.6,12,OK,0,NORMAL
2026-06-02 17:00:00,Cooling-Unit-01,Chiller,34.296,ON,90.45,34.54,85.9,41.08,31.3,12,OK,0,NORMAL
2026-06-02 18:00:00,Cooling-Unit-01,Chiller,33.507,ON,81.33,0.0,82.0,50.26,29.8,12,OK,0,NORMAL
2026-06-02 19:00:00,Cooling-Unit-01,Chiller,30.331,ON,62.87,0.0,82.8,45.5,28.1,12,OK,0,NORMAL
2026-06-02 20:00:00,Cooling-Unit-01,Chiller,5.892,IDLE,0.0,0.0,82.8,8.84,25.0,12,OK,0,NORMAL
2026-06-02 21:00:00,Cooling-Unit-01,Chiller,5.317,IDLE,0.0,0.0,73.3,7.98,24.1,12,OK,0,NORMAL
2026-06-02 22:00:00,Cooling-Unit-01,Chiller,6.209,IDLE,0.0,0.0,68.4,9.31,22.6,12,OK,0,NORMAL
2026-06-02 23:00:00,Cooling-Unit-01,Chiller,6.189,IDLE,0.0,0.0,60.6,9.28,22.8,12,OK,0,NORMAL
2026-06-03 00:00:00,Cooling-Unit-01,Chiller,7.007,IDLE,0.0,0.0,48.1,10.51,20.5,13,OK,0,NORMAL
2026-06-03 01:00:00,Cooling-Unit-01,Chiller,6.565,IDLE,0.0,0.0,40.8,9.85,16.8,13,OK,0,NORMAL
2026-06-03 02:00:00,Cooling-Unit-01,Chiller,5.738,IDLE,0.0,0.0,26.0,8.61,18.6,13,OK,0,NORMAL
2026-06-03 03:00:00,Cooling-Unit-01,Chiller,7.177,IDLE,0.0,0.0,23.2,10.77,17.5,13,OK,0,NORMAL
2026-06-03 04:00:00,Cooling-Unit-01,Chiller,6.861,IDLE,0.0,0.0,20.0,10.29,17.4,13,OK,0,NORMAL
2026-06-03 05:00:00,Cooling-Unit-01,Chiller,6.541,IDLE,0.0,0.0,20.0,9.81,19.7,13,OK,0,NORMAL
2026-06-03 06:00:00,Cooling-Unit-01,Chiller,6.137,IDLE,0.0,0.0,20.0,9.21,21.3,13,OK,0,NORMAL
2026-06-03 07:00:00,Cooling-Unit-01,Chiller,25.184,ON,65.61,27.63,20.0,29.49,22.6,13,OK,0,NORMAL
2026-06-03 08:00:00,Cooling-Unit-01,Chiller,27.048,ON,96.33,65.09,20.0,21.04,22.2,13,OK,0,NORMAL
2026-06-03 09:00:00,Cooling-Unit-01,Chiller,26.877,ON,100.0,75.93,25.5,17.54,24.6,13,OK,0,NORMAL
2026-06-03 10:00:00,Cooling-Unit-01,Chiller,29.829,ON,63.21,96.67,35.4,15.74,27.2,13,OK,0,NORMAL
2026-06-03 11:00:00,Cooling-Unit-01,Chiller,32.227,ON,53.47,127.34,38.1,10.14,29.7,13,OK,0,NORMAL
2026-06-03 12:00:00,Cooling-Unit-01,Chiller,31.171,ON,77.79,127.18,52.3,8.6,29.4,13,OK,0,NORMAL
2026-06-03 13:00:00,Cooling-Unit-01,Chiller,33.469,ON,56.08,132.1,59.1,10.57,30.8,13,OK,0,NORMAL
2026-06-03 14:00:00,Cooling-Unit-01,Chiller,31.421,ON,72.01,110.47,65.5,13.99,30.4,13,OK,0,NORMAL
2026-06-03 15:00:00,Cooling-Unit-01,Chiller,32.681,ON,36.92,87.17,75.7,22.87,30.6,13,OK,0,NORMAL
2026-06-03 16:00:00,Cooling-Unit-01,Chiller,36.324,ON,100.0,50.25,80.7,39.41,32.7,13,OK,0,NORMAL
2026-06-03 17:00:00,Cooling-Unit-01,Chiller,34.018,ON,73.14,29.41,82.6,42.2,32.7,13,OK,0,NORMAL
2026-06-03 18:00:00,Cooling-Unit-01,Chiller,31.079,ON,87.03,0.0,85.1,46.62,29.9,13,OK,0,NORMAL
2026-06-03 19:00:00,Cooling-Unit-01,Chiller,32.7,ON,84.53,0.0,83.0,49.05,29.7,13,OK,0,NORMAL
2026-06-03 20:00:00,Cooling-Unit-01,Chiller,6.863,IDLE,0.0,0.0,80.5,10.3,27.2,13,OK,0,NORMAL
2026-06-03 21:00:00,Cooling-Unit-01,Chiller,6.2,IDLE,0.0,0.0,76.1,9.3,24.2,13,OK,0,NORMAL
2026-06-03 22:00:00,Cooling-Unit-01,Chiller,6.148,IDLE,0.0,0.0,70.7,9.22,23.6,13,OK,0,NORMAL
2026-06-03 23:00:00,Cooling-Unit-01,Chiller,5.811,IDLE,0.0,0.0,56.6,8.72,23.3,13,OK,0,NORMAL
2026-06-04 00:00:00,Cooling-Unit-01,Chiller,5.837,IDLE,0.0,0.0,54.3,8.75,20.0,14,OK,0,NORMAL
2026-06-04 01:00:00,Cooling-Unit-01,Chiller,6.137,IDLE,0.0,0.0,37.0,9.21,20.8,14,OK,0,NORMAL
2026-06-04 02:00:00,Cooling-Unit-01,Chiller,6.434,IDLE,0.0,0.0,32.2,9.65,15.1,14,OK,0,NORMAL
2026-06-04 03:00:00,Cooling-Unit-01,Chiller,6.707,IDLE,0.0,0.0,26.4,10.06,19.0,14,OK,0,NORMAL
2026-06-04 04:00:00,Cooling-Unit-01,Chiller,5.848,IDLE,0.0,0.0,20.3,8.77,18.3,14,OK,0,NORMAL
2026-06-04 05:00:00,Cooling-Unit-01,Chiller,6.996,IDLE,0.0,0.0,20.0,10.49,18.6,14,OK,0,NORMAL
2026-06-04 06:00:00,Cooling-Unit-01,Chiller,6.114,IDLE,0.0,0.0,20.0,9.17,20.2,14,OK,0,NORMAL
2026-06-04 07:00:00,Cooling-Unit-01,Chiller,21.656,ON,79.68,25.15,20.0,24.94,19.1,14,OK,0,NORMAL
2026-06-04 08:00:00,Cooling-Unit-01,Chiller,26.716,ON,43.64,63.49,20.0,21.03,22.9,14,OK,0,NORMAL
2026-06-04 09:00:00,Cooling-Unit-01,Chiller,27.804,ON,91.05,73.89,27.0,19.54,25.4,14,OK,0,NORMAL
2026-06-04 10:00:00,Cooling-Unit-01,Chiller,31.443,ON,81.0,122.23,33.2,10.49,28.6,14,OK,0,NORMAL
2026-06-04 11:00:00,Cooling-Unit-01,Chiller,29.761,ON,56.56,136.96,39.6,3.55,27.9,14,OK,0,NORMAL
2026-06-04 12:00:00,Cooling-Unit-01,Chiller,30.027,ON,91.91,139.91,51.8,3.07,29.0,14,OK,0,NORMAL
2026-06-04 13:00:00,Cooling-Unit-01,Chiller,31.257,ON,84.4,109.89,59.7,13.92,30.5,14,OK,0,NORMAL
2026-06-04 14:00:00,Cooling-Unit-01,Chiller,34.738,ON,87.0,83.78,69.1,26.97,32.9,14,OK,0,NORMAL
2026-06-04 15:00:00,Cooling-Unit-01,Chiller,35.52,ON,55.77,99.39,76.0,23.46,32.4,14,OK,0,NORMAL
2026-06-04 16:00:00,Cooling-Unit-01,Chiller,32.403,ON,68.98,58.28,78.7,31.12,31.1,14,OK,0,NORMAL
2026-06-04 17:00:00,Cooling-Unit-01,Chiller,34.859,ON,83.01,36.86,82.7,41.23,31.7,14,OK,0,NORMAL
2026-06-04 18:00:00,Cooling-Unit-01,Chiller,32.321,ON,64.76,0.0,86.5,48.48,30.1,14,OK,0,NORMAL
2026-06-04 19:00:00,Cooling-Unit-01,Chiller,32.589,ON,86.43,0.0,85.0,48.88,29.7,14,OK,0,NORMAL
2026-06-04 20:00:00,Cooling-Unit-01,Chiller,6.338,IDLE,0.0,0.0,80.3,9.51,26.0,14,OK,0,NORMAL
2026-06-04 21:00:00,Cooling-Unit-01,Chiller,6.066,IDLE,0.0,0.0,75.0,9.1,24.6,14,OK,0,NORMAL
2026-06-04 22:00:00,Cooling-Unit-01,Chiller,5.836,IDLE,0.0,0.0,70.1,8.75,22.7,14,OK,0,NORMAL
2026-06-04 23:00:00,Cooling-Unit-01,Chiller,6.293,IDLE,0.0,0.0,57.9,9.44,19.7,14,OK,0,NORMAL
2026-06-05 00:00:00,Cooling-Unit-01,Chiller,5.714,IDLE,0.0,0.0,51.1,8.57,20.4,15,OK,0,NORMAL
2026-06-05 01:00:00,Cooling-Unit-01,Chiller,4.789,IDLE,0.0,0.0,40.5,7.18,19.3,15,OK,0,NORMAL
2026-06-05 02:00:00,Cooling-Unit-01,Chiller,6.468,IDLE,0.0,0.0,32.1,9.7,18.2,15,OK,0,NORMAL
2026-06-05 03:00:00,Cooling-Unit-01,Chiller,6.702,IDLE,0.0,0.0,27.4,10.05,17.7,15,OK,0,NORMAL
2026-06-05 04:00:00,Cooling-Unit-01,Chiller,5.069,IDLE,0.0,0.0,21.3,7.6,16.5,15,OK,0,NORMAL
2026-06-05 05:00:00,Cooling-Unit-01,Chiller,5.745,IDLE,0.0,0.0,20.0,8.62,18.4,15,OK,0,NORMAL
2026-06-05 06:00:00,Cooling-Unit-01,Chiller,6.56,IDLE,0.0,0.0,20.0,9.84,19.6,15,OK,0,NORMAL
2026-06-05 07:00:00,Cooling-Unit-01,Chiller,23.704,ON,100.0,37.15,20.0,24.41,20.5,15,OK,0,NORMAL
2026-06-05 08:00:00,Cooling-Unit-01,Chiller,25.712,ON,69.08,51.36,21.1,23.16,23.0,15,OK,0,NORMAL
2026-06-05 09:00:00,Cooling-Unit-01,Chiller,27.49,ON,100.0,85.47,24.6,15.59,25.5,15,OK,0,NORMAL
2026-06-05 10:00:00,Cooling-Unit-01,Chiller,30.885,ON,68.01,119.61,33.1,10.44,29.1,15,OK,0,NORMAL
2026-06-05 11:00:00,Cooling-Unit-01,Chiller,31.161,ON,65.7,127.07,40.7,8.62,28.7,15,OK,0,NORMAL
2026-06-05 12:00:00,Cooling-Unit-01,Chiller,32.756,ON,100.0,129.46,50.2,10.3,30.3,15,OK,0,NORMAL
2026-06-05 13:00:00,Cooling-Unit-01,Chiller,32.784,ON,76.21,125.3,60.2,11.59,31.0,15,OK,0,NORMAL
2026-06-05 14:00:00,Cooling-Unit-01,Chiller,32.596,ON,56.55,98.08,65.9,19.47,29.5,15,OK,0,NORMAL
2026-06-05 15:00:00,Cooling-Unit-01,Chiller,33.791,ON,78.83,77.85,78.9,27.33,32.0,15,OK,0,NORMAL
2026-06-05 16:00:00,Cooling-Unit-01,Chiller,34.149,ON,100.0,67.42,78.3,31.0,31.8,15,OK,0,NORMAL
2026-06-05 17:00:00,Cooling-Unit-01,Chiller,35.39,ON,68.72,34.91,81.4,42.61,34.0,15,OK,0,NORMAL
2026-06-05 18:00:00,Cooling-Unit-01,Chiller,32.06,ON,97.23,0.0,87.3,48.09,29.7,15,OK,0,NORMAL
2026-06-05 19:00:00,Cooling-Unit-01,Chiller,32.095,ON,58.43,0.0,85.4,48.14,28.9,15,OK,0,NORMAL
2026-06-05 20:00:00,Cooling-Unit-01,Chiller,5.916,IDLE,0.0,0.0,81.6,8.87,26.8,15,OK,0,NORMAL
2026-06-05 21:00:00,Cooling-Unit-01,Chiller,7.187,IDLE,0.0,0.0,76.0,10.78,23.6,15,OK,0,NORMAL
2026-06-05 22:00:00,Cooling-Unit-01,Chiller,6.79,IDLE,0.0,0.0,67.5,10.19,24.6,15,OK,0,NORMAL
2026-06-05 23:00:00,Cooling-Unit-01,Chiller,6.026,IDLE,0.0,0.0,57.3,9.04,22.4,15,OK,0,NORMAL
